X cood.,Y cood.,Pressure,Height,X tilt,Y tilt,Thickness,Time,Tip/Ers
3968,18297,0,-40,2100,-2100,0,0,Tip
3967,18299,0,-40,2100,-2100,0,2,Tip
3967,18301,0,-39,2100,-2100,0,4,Tip
3965,18308,0,-38,2100,-2100,0,6,Tip
3964,18317,0,-37,2200,-2100,0,8,Tip
3964,18326,0,-36,2200,-2100,0,10,Tip
3965,18334,0,-36,2200,-2100,0,12,Tip
3966,18341,0,-35,2200,-2200,0,14,Tip
3968,18349,0,-34,2200,-2200,0,16,Tip
3971,18357,0,-34,2200,-2200,0,18,Tip
3973,18365,0,-33,2200,-2200,0,20,Tip
3976,18373,0,-32,2200,-2200,0,22,Tip
3979,18382,0,-31,2200,-2200,0,24,Tip
3981,18391,0,-30,2200,-2200,0,27,Tip
3983,18400,0,-28,2200,-2200,0,29,Tip
3985,18410,0,-27,2200,-2200,0,31,Tip
3987,18421,0,-26,2200,-2200,0,33,Tip
3989,18432,0,-25,2200,-2200,0,35,Tip
3990,18443,0,-24,2200,-2200,0,37,Tip
3991,18454,0,-23,2200,-2200,0,39,Tip
3991,18464,0,-22,2200,-2200,0,41,Tip
3992,18475,0,-21,2200,-2200,0,43,Tip
3993,18485,0,-21,2200,-2200,0,45,Tip
3995,18496,0,-21,2200,-2200,0,47,Tip
3996,18506,0,-20,2200,-2200,0,50,Tip
3998,18516,0,-17,2200,-2200,0,52,Tip
4003,18537,0,-16,2200,-2200,0,54,Tip
4005,18546,0,-15,2200,-2200,0,56,Tip
4008,18555,0,-12,2200,-2200,0,58,Tip
4015,18574,0,-12,2200,-2200,0,60,Tip
4021,18590,0,-11,2200,-2200,0,62,Tip
4027,18603,0,-9,2200,-2200,0,64,Tip
4032,18616,0,-8,2300,-2200,0,66,Tip
4038,18628,0,-5,2300,-2200,0,68,Tip
4044,18641,0,-4,2300,-2200,0,70,Tip
4051,18653,0,-3,2300,-2200,0,72,Tip
4059,18666,0,-3,2300,-2300,0,75,Tip
4067,18679,0,-3,2300,-2300,0,77,Tip
4076,18692,0,-2,2300,-2300,0,79,Tip
4094,18720,0,-1,2300,-2300,0,81,Tip
4103,18733,0,0,2300,-2300,0,83,Tip
4113,18747,0,0,2300,-2300,0,85,Tip
4124,18761,0,0,2300,-2300,0,87,Tip
4135,18774,0,0,2300,-2300,0,89,Tip
4148,18787,0,0,2300,-2300,0,91,Tip
4159,18802,0,0,2300,-2300,0,93,Tip
4184,18840,0,0,2300,-2300,0,95,Tip
4186,18844,0,0,2300,-2300,0,97,Tip
4192,18852,302,0,2300,-2300,336,99,Tip
4201,18864,327,0,2300,-2300,336,102,Tip
4213,18881,298,0,2300,-2300,336,104,Tip
4224,18897,322,0,2300,-2300,336,106,Tip
4236,18913,328,0,2300,-2300,336,108,Tip
4247,18927,331,0,2300,-2300,336,110,Tip
4259,18940,334,0,2300,-2500,336,112,Tip
4271,18954,331,0,2300,-2500,336,114,Tip
4282,18966,328,0,2300,-2500,336,116,Tip
4292,18978,325,0,2300,-2500,336,118,Tip
4302,18989,323,0,2300,-2500,336,120,Tip
4311,18999,322,0,2300,-2500,336,122,Tip
4320,19008,324,0,2300,-2500,336,124,Tip
4330,19017,329,0,2300,-2500,336,127,Tip
4339,19025,341,0,2300,-2500,336,129,Tip
4348,19033,361,0,2300,-2500,336,131,Tip
4348,19033,361,0,2300,-2500,336,133,Tip
4356,19040,385,0,2300,-2500,336,135,Tip
4365,19046,411,0,2300,-2500,336,137,Tip
4373,19050,434,0,2200,-2500,336,139,Tip
4379,19055,451,0,2200,-2500,336,141,Tip
4385,19058,466,0,2200,-2500,336,143,Tip
4389,19061,482,0,2200,-2500,336,145,Tip
4394,19062,496,0,2200,-2500,336,147,Tip
4397,19064,509,0,2200,-2500,336,149,Tip
4401,19064,521,0,2200,-2500,336,152,Tip
4403,19064,527,0,2200,-2500,336,154,Tip
4404,19063,530,0,2200,-2500,336,156,Tip
4404,19062,531,0,2200,-2500,336,158,Tip
4405,19060,526,0,2200,-2500,336,160,Tip
4405,19058,523,0,2200,-2500,336,162,Tip
4405,19056,520,0,2200,-2500,336,164,Tip
4406,19052,522,0,2200,-2500,336,166,Tip
4405,19048,524,0,2200,-2500,336,168,Tip
4404,19044,528,0,2200,-2500,336,170,Tip
4402,19038,535,0,2200,-2500,336,172,Tip
4399,19032,543,0,2200,-2500,336,175,Tip
4395,19025,555,0,2200,-2500,336,177,Tip
4390,19017,568,0,2200,-2500,336,179,Tip
4383,19008,578,0,2200,-2500,336,181,Tip
4374,18999,586,0,2200,-2500,336,183,Tip
4363,18990,589,0,2200,-2500,336,185,Tip
4349,18978,591,0,2200,-2500,336,187,Tip
4335,18966,594,0,2200,-2500,336,189,Tip
4319,18953,596,0,2200,-2500,336,191,Tip
4301,18938,597,0,2200,-2500,336,193,Tip
4281,18923,597,0,2200,-2500,336,195,Tip
4259,18906,596,0,2200,-2500,336,197,Tip
4235,18888,595,0,2200,-2500,336,200,Tip
4210,18870,595,0,2100,-2500,336,202,Tip
4184,18851,594,0,2100,-2500,336,204,Tip
4156,18832,595,0,2100,-2500,336,206,Tip
4126,18812,595,0,2100,-2500,336,208,Tip
4094,18792,596,0,2100,-2500,336,210,Tip
4060,18770,600,0,2200,-2600,336,212,Tip
4024,18747,605,0,2200,-2600,336,214,Tip
3985,18722,614,0,2200,-2600,336,216,Tip
3944,18696,624,0,2200,-2600,336,218,Tip
3901,18669,632,0,2200,-2600,336,220,Tip
3856,18640,643,0,2200,-2600,336,222,Tip
3808,18611,653,0,2200,-2600,336,225,Tip
3758,18580,666,0,2200,-2600,336,227,Tip
3706,18548,680,0,2200,-2600,336,229,Tip
3650,18514,694,0,2200,-2500,336,231,Tip
3594,18479,708,0,2200,-2500,336,233,Tip
3535,18443,717,0,2200,-2500,336,235,Tip
3474,18406,728,0,2200,-2500,336,237,Tip
3410,18370,730,0,2200,-2500,336,239,Tip
3344,18334,732,0,2200,-2500,336,241,Tip
3276,18296,734,0,2200,-2500,336,243,Tip
3206,18259,731,0,2200,-2500,336,245,Tip
3137,18221,735,0,2200,-2500,336,247,Tip
3067,18184,743,0,2200,-2600,336,250,Tip
2996,18148,751,0,2200,-2600,336,252,Tip
2924,18114,758,0,2200,-2500,336,254,Tip
2852,18081,764,0,2200,-2500,336,256,Tip
2776,18047,763,0,2200,-2500,336,258,Tip
2699,18014,761,0,2200,-2500,336,260,Tip
2619,17982,763,0,2200,-2500,336,262,Tip
2539,17949,754,0,2300,-2500,336,264,Tip
2460,17917,746,0,2300,-2500,336,266,Tip
2382,17885,733,0,2300,-2500,336,268,Tip
2307,17853,716,0,2300,-2500,336,270,Tip
2233,17822,712,0,2300,-2500,336,272,Tip
2163,17789,700,0,2300,-2500,336,275,Tip
2163,17789,700,0,2300,-2500,336,277,Tip
2096,17758,690,0,2300,-2500,336,279,Tip
2031,17727,674,0,2300,-2500,336,281,Tip
1970,17698,656,0,2300,-2500,336,283,Tip
1911,17671,640,0,2500,-2500,336,285,Tip
1857,17644,628,0,2500,-2500,336,287,Tip
1806,17618,618,0,2500,-2500,336,289,Tip
1757,17592,611,0,2500,-2500,336,291,Tip
1712,17569,608,0,2500,-2500,336,293,Tip
1670,17548,603,0,2500,-2500,336,295,Tip
1632,17530,604,0,2500,-2500,336,297,Tip
1598,17515,603,0,2500,-2500,336,300,Tip
1568,17500,603,0,2600,-2500,336,302,Tip
1542,17488,604,0,2600,-2500,336,304,Tip
1520,17477,604,0,2600,-2500,336,306,Tip
1501,17468,605,0,2600,-2500,336,308,Tip
1486,17460,607,0,2600,-2500,336,310,Tip
1474,17454,608,0,2600,-2500,336,312,Tip
1465,17450,609,0,2600,-2300,336,314,Tip
1460,17447,610,0,2700,-2300,336,316,Tip
1457,17445,611,0,2700,-2300,336,318,Tip
1457,17445,612,0,2700,-2300,336,320,Tip
1457,17444,613,0,2700,-2300,336,322,Tip
1457,17444,613,0,2700,-2300,336,324,Tip
1457,17445,610,0,2700,-2300,336,327,Tip
1457,17445,605,0,2700,-2300,336,329,Tip
1457,17445,592,0,2700,-2300,336,331,Tip
1458,17446,572,0,2800,-2300,336,333,Tip
1459,17447,559,0,2800,-2300,336,335,Tip
1461,17448,559,0,2800,-2300,336,337,Tip
1464,17450,574,0,2800,-2300,336,339,Tip
1471,17452,600,0,2800,-2300,336,341,Tip
1482,17455,627,0,2800,-2300,336,343,Tip
1496,17459,661,0,2800,-2300,336,345,Tip
1512,17464,692,0,2800,-2300,336,347,Tip
1530,17469,728,0,3000,-2300,336,349,Tip
1551,17473,761,0,3000,-2300,336,352,Tip
1573,17476,786,0,3000,-2200,336,354,Tip
1598,17481,806,0,3000,-2200,336,356,Tip
1624,17485,822,0,3000,-2200,336,358,Tip
1654,17491,835,0,3000,-2200,336,360,Tip
1686,17499,844,0,3000,-2200,336,362,Tip
1721,17508,855,0,3000,-2200,336,364,Tip
1760,17521,866,0,3000,-2200,336,366,Tip
1803,17536,882,0,3000,-2200,336,368,Tip
1850,17557,898,0,3000,-2200,336,370,Tip
1904,17582,915,0,3000,-2200,336,372,Tip
1963,17610,935,0,3000,-2200,336,374,Tip
2027,17640,950,0,3000,-2200,336,377,Tip
2097,17672,966,0,3100,-2200,336,379,Tip
2171,17703,975,0,3100,-2200,336,381,Tip
2247,17735,984,0,3100,-2200,336,383,Tip
2329,17769,985,0,3100,-2200,336,385,Tip
2416,17803,979,0,3100,-2200,336,387,Tip
2505,17838,968,0,3100,-2200,336,389,Tip
2597,17874,947,0,3100,-2200,336,391,Tip
2689,17909,929,0,3100,-2200,336,393,Tip
2782,17944,911,0,3100,-2300,336,395,Tip
2876,17978,887,0,3100,-2300,336,397,Tip
2968,18012,858,0,3100,-2300,336,399,Tip
3062,18045,824,0,3100,-2300,336,402,Tip
3155,18077,785,0,3100,-2300,336,404,Tip
3252,18108,749,0,3100,-2300,336,406,Tip
3346,18137,718,0,3100,-2300,336,408,Tip
3440,18166,684,0,3000,-2300,336,410,Tip
3532,18193,655,0,3000,-2300,336,412,Tip
3620,18220,629,0,3000,-2300,336,414,Tip
3708,18246,605,0,3000,-2300,336,416,Tip
3794,18270,589,0,3000,-2300,336,418,Tip
3878,18292,566,0,3000,-2300,336,420,Tip
3958,18311,549,0,3000,-2300,336,422,Tip
4034,18328,534,0,3000,-2300,336,424,Tip
4106,18344,520,0,3000,-2300,336,427,Tip
4174,18358,512,0,3000,-2300,336,429,Tip
4239,18370,503,0,3000,-2300,336,431,Tip
4300,18381,490,0,3000,-2300,336,433,Tip
4358,18391,480,0,2800,-2300,336,435,Tip
4413,18400,473,0,2800,-2300,336,437,Tip
4464,18409,468,0,2800,-2300,336,439,Tip
4513,18417,465,0,2800,-2300,336,441,Tip
4559,18423,462,0,2800,-2300,336,443,Tip
4603,18430,458,0,2800,-2300,336,445,Tip
4643,18436,453,0,2800,-2300,336,447,Tip
4679,18442,445,0,2800,-2300,336,449,Tip
4712,18447,437,0,2800,-2300,336,452,Tip
4743,18452,425,0,2700,-2300,336,454,Tip
4772,18455,412,0,2700,-2300,336,456,Tip
4798,18458,392,0,2700,-2300,336,458,Tip
4822,18460,374,0,2700,-2300,336,460,Tip
4841,18462,359,0,2700,-2300,336,462,Tip
4857,18463,347,0,2700,-2500,336,464,Tip
4872,18464,338,0,2700,-2500,336,466,Tip
4884,18464,331,0,2600,-2500,336,468,Tip
4894,18463,326,0,2600,-2500,336,470,Tip
4900,18462,321,0,2600,-2500,336,472,Tip
4903,18460,321,0,2600,-2500,336,474,Tip
4903,18460,321,0,2600,-2500,336,477,Tip
4905,18457,321,0,2600,-2500,336,479,Tip
4904,18454,322,0,2600,-2500,336,481,Tip
4902,18450,325,0,2600,-2500,336,483,Tip
4899,18444,326,0,2500,-2500,336,485,Tip
4893,18438,328,0,2500,-2500,336,487,Tip
4885,18431,329,0,2500,-2500,336,489,Tip
4875,18423,329,0,2500,-2500,336,491,Tip
4863,18415,329,0,2500,-2500,336,493,Tip
4847,18407,329,0,2500,-2500,336,495,Tip
4829,18397,329,0,2500,-2500,336,497,Tip
4808,18387,328,0,2500,-2500,336,499,Tip
4784,18376,328,0,2500,-2500,336,502,Tip
4758,18365,327,0,2500,-2500,336,504,Tip
4728,18353,326,0,2500,-2500,336,506,Tip
4697,18340,324,0,2500,-2500,336,508,Tip
4663,18326,322,0,2500,-2500,336,510,Tip
4627,18311,321,0,2300,-2500,336,512,Tip
4588,18295,321,0,2300,-2500,336,514,Tip
4547,18278,327,0,2300,-2500,336,516,Tip
4507,18262,342,0,2300,-2500,336,518,Tip
4465,18244,357,0,2300,-2500,336,520,Tip
4422,18226,376,0,2300,-2500,336,522,Tip
4379,18209,395,0,2300,-2500,336,524,Tip
4335,18192,410,0,2300,-2500,336,527,Tip
4291,18177,428,0,2300,-2500,336,529,Tip
4248,18161,445,0,2300,-2500,336,531,Tip
4206,18147,457,0,2300,-2500,336,533,Tip
4164,18132,473,0,2300,-2500,336,535,Tip
4125,18119,495,0,2300,-2500,336,537,Tip
4089,18106,513,0,2300,-2500,336,539,Tip
4054,18094,541,0,2300,-2500,336,541,Tip
4023,18084,561,0,2300,-2500,336,543,Tip
3995,18074,577,0,2300,-2500,336,545,Tip
3969,18066,596,0,2300,-2500,336,547,Tip
3946,18059,605,0,2300,-2500,336,549,Tip
3927,18053,615,0,2300,-2500,336,552,Tip
3911,18048,624,0,2300,-2500,336,554,Tip
3899,18043,631,0,2300,-2500,336,556,Tip
3890,18040,636,0,2300,-2500,336,558,Tip
3884,18038,640,0,2300,-2500,336,560,Tip
3880,18037,641,0,2300,-2500,336,562,Tip
3878,18037,641,0,2300,-2500,336,564,Tip
3877,18037,638,0,2300,-2500,336,566,Tip
3877,18037,632,0,2500,-2500,336,568,Tip
3877,18037,624,0,2500,-2500,336,570,Tip
3878,18038,615,0,2500,-2500,336,572,Tip
3880,18038,609,0,2500,-2500,336,574,Tip
3882,18039,605,0,2500,-2500,336,577,Tip
3885,18040,604,0,2500,-2500,336,579,Tip
3889,18041,604,0,2500,-2500,336,581,Tip
3896,18043,603,0,2500,-2500,336,583,Tip
3906,18046,603,0,2500,-2500,336,585,Tip
3922,18049,603,0,2500,-2500,336,587,Tip
3943,18054,603,0,2500,-2500,336,589,Tip
3966,18059,602,0,2500,-2500,336,591,Tip
3992,18065,602,0,2500,-2500,336,593,Tip
4020,18072,601,0,2500,-2500,336,595,Tip
4047,18080,599,0,2500,-2500,336,597,Tip
4076,18088,598,0,2500,-2500,336,599,Tip
4105,18097,596,0,2500,-2500,336,602,Tip
4135,18106,594,0,2500,-2500,336,604,Tip
4165,18116,592,0,2500,-2500,336,606,Tip
4195,18125,589,0,2500,-2500,336,608,Tip
4223,18133,587,0,2500,-2500,336,610,Tip
4250,18141,587,0,2500,-2500,336,612,Tip
4276,18148,585,0,2500,-2500,336,614,Tip
4300,18155,582,0,2500,-2500,336,616,Tip
4323,18161,578,0,2300,-2500,336,618,Tip
4345,18167,571,0,2300,-2500,336,620,Tip
4366,18173,566,0,2300,-2500,336,622,Tip
4387,18178,560,0,2300,-2500,336,625,Tip
4406,18183,555,0,2300,-2500,336,627,Tip
4424,18186,552,0,2300,-2500,336,629,Tip
4441,18190,549,0,2300,-2500,336,631,Tip
4455,18192,548,0,2300,-2500,336,633,Tip
4467,18195,549,0,2300,-2500,336,635,Tip
4478,18197,549,0,2300,-2500,336,637,Tip
4487,18199,549,0,2300,-2500,336,639,Tip
4495,18200,549,0,2300,-2500,336,641,Tip
4502,18200,547,0,2300,-2600,336,643,Tip
4509,18199,544,0,2300,-2600,336,645,Tip
4514,18197,537,0,2300,-2600,336,647,Tip
4519,18196,533,0,2300,-2600,336,650,Tip
4522,18194,526,0,2300,-2600,336,652,Tip
4525,18192,519,0,2300,-2600,336,654,Tip
4527,18190,515,0,2300,-2600,336,656,Tip
4529,18188,509,0,2300,-2600,336,658,Tip
4531,18186,508,0,2300,-2600,336,660,Tip
4531,18183,505,0,2300,-2600,336,662,Tip
4532,18181,502,0,2300,-2600,336,664,Tip
4531,18177,501,0,2300,-2600,336,666,Tip
4529,18174,500,0,2300,-2600,336,668,Tip
4527,18170,501,0,2200,-2600,336,670,Tip
4525,18165,503,0,2200,-2600,336,672,Tip
4520,18160,503,0,2200,-2600,336,675,Tip
4520,18160,503,0,2200,-2600,336,677,Tip
4515,18154,503,0,2200,-2600,336,679,Tip
4508,18147,501,0,2200,-2600,336,681,Tip
4498,18139,495,0,2200,-2600,336,683,Tip
4487,18132,489,0,2200,-2600,336,685,Tip
4476,18124,483,0,2200,-2600,336,687,Tip
4462,18116,474,0,2200,-2600,336,689,Tip
4447,18108,468,0,2200,-2600,336,691,Tip
4429,18098,463,0,2200,-2600,336,693,Tip
4410,18089,457,0,2200,-2600,336,695,Tip
4390,18079,452,0,2200,-2600,336,697,Tip
4368,18070,448,0,2200,-2600,336,700,Tip
4346,18059,439,0,2200,-2600,336,702,Tip
4325,18049,434,0,2200,-2600,336,704,Tip
4302,18039,427,0,2200,-2600,336,706,Tip
4280,18028,421,0,2200,-2600,336,708,Tip
4256,18018,418,0,2200,-2600,336,710,Tip
4231,18008,412,0,2200,-2600,336,712,Tip
4207,17997,406,0,2200,-2600,336,714,Tip
4183,17987,399,0,2200,-2600,336,716,Tip
4160,17977,392,0,2200,-2600,336,718,Tip
4137,17966,388,0,2200,-2600,336,720,Tip
4114,17956,384,0,2200,-2600,336,722,Tip
4094,17945,386,0,2200,-2600,336,725,Tip
4075,17934,387,0,2200,-2600,336,727,Tip
4057,17924,388,0,2200,-2600,336,729,Tip
4043,17913,388,0,2200,-2600,336,731,Tip
4030,17903,388,0,2200,-2600,336,733,Tip
4019,17894,383,0,2200,-2600,336,735,Tip
4011,17885,381,0,2300,-2600,336,737,Tip
4004,17877,380,0,2300,-2600,336,739,Tip
4000,17871,378,0,2300,-2600,336,741,Tip
3998,17865,380,0,2300,-2600,336,743,Tip
3997,17860,381,0,2300,-2600,336,745,Tip
3997,17856,379,0,2300,-2600,336,747,Tip
3998,17854,376,0,2300,-2600,336,750,Tip
4000,17851,371,0,2300,-2600,336,752,Tip
4004,17849,367,0,2300,-2600,336,754,Tip
4009,17847,368,0,2300,-2600,336,756,Tip
4014,17846,370,0,2300,-2600,336,758,Tip
4021,17844,377,0,2300,-2600,336,760,Tip
4029,17844,382,0,2300,-2600,336,762,Tip
4038,17844,386,0,2300,-2600,336,764,Tip
4050,17844,391,0,2300,-2600,336,766,Tip
4061,17845,394,0,2300,-2600,336,768,Tip
4073,17846,397,0,2300,-2600,336,770,Tip
4087,17848,399,0,2300,-2600,336,772,Tip
4100,17850,402,0,2300,-2600,336,775,Tip
4113,17852,403,0,2300,-2600,336,777,Tip
4128,17855,407,0,2300,-2600,336,779,Tip
4142,17857,411,0,2300,-2600,336,781,Tip
4156,17860,414,0,2300,-2600,336,783,Tip
4170,17862,417,0,2300,-2600,336,785,Tip
4185,17865,416,0,2300,-2600,336,787,Tip
4199,17868,418,0,2300,-2600,336,789,Tip
4214,17871,418,0,2300,-2600,336,791,Tip
4229,17873,420,0,2300,-2600,336,793,Tip
4243,17876,423,0,2300,-2600,336,795,Tip
4258,17879,425,0,2300,-2600,336,797,Tip
4273,17882,429,0,2300,-2600,336,800,Tip
4286,17884,431,0,2300,-2600,336,802,Tip
4300,17887,434,0,2300,-2600,336,804,Tip
4314,17890,435,0,2300,-2600,336,806,Tip
4327,17892,436,0,2300,-2600,336,808,Tip
4340,17895,437,0,2300,-2600,336,810,Tip
4354,17897,437,0,2300,-2600,336,812,Tip
4366,17899,437,0,2300,-2600,336,814,Tip
4378,17902,436,0,2300,-2600,336,816,Tip
4392,17905,435,0,2300,-2600,336,818,Tip
4403,17907,435,0,2300,-2600,336,820,Tip
4414,17910,434,0,2300,-2500,336,822,Tip
4424,17912,434,0,2300,-2500,336,825,Tip
4433,17913,433,0,2300,-2500,336,827,Tip
4441,17914,433,0,2300,-2500,336,829,Tip
4451,17916,432,0,2300,-2500,336,831,Tip
4459,17917,429,0,2300,-2500,336,833,Tip
4467,17918,425,0,2300,-2500,336,835,Tip
4474,17918,418,0,2300,-2500,336,837,Tip
4481,17919,409,0,2200,-2500,336,839,Tip
4487,17920,399,0,2200,-2500,336,841,Tip
4493,17921,388,0,2200,-2500,336,843,Tip
4499,17921,379,0,2200,-2500,336,845,Tip
4504,17920,367,0,2200,-2500,336,847,Tip
4508,17920,352,0,2200,-2500,336,850,Tip
4511,17919,339,0,2200,-2500,336,852,Tip
4513,17918,329,0,2200,-2500,336,854,Tip
4515,17918,321,0,2200,-2500,336,856,Tip
4516,17917,320,0,2200,-2500,336,858,Tip
4516,17915,320,0,2200,-2500,336,860,Tip
4517,17913,320,0,2200,-2500,336,862,Tip
4515,17911,323,0,2200,-2500,336,864,Tip
4514,17908,325,0,2200,-2500,336,866,Tip
4512,17905,326,0,2200,-2500,336,868,Tip
4508,17901,328,0,2200,-2500,336,870,Tip
4503,17897,325,0,2200,-2500,336,872,Tip
4497,17894,322,0,2200,-2500,336,875,Tip
4491,17890,321,0,2200,-2500,336,877,Tip
4483,17885,328,0,2200,-2500,336,879,Tip
4474,17879,351,0,2200,-2500,336,881,Tip
4463,17872,380,0,2200,-2500,336,883,Tip
4451,17864,413,0,2200,-2500,336,885,Tip
4438,17856,441,0,2200,-2500,336,887,Tip
4423,17848,462,0,2200,-2500,336,889,Tip
4407,17840,474,0,2200,-2500,336,891,Tip
4390,17833,483,0,2200,-2500,336,893,Tip
4371,17825,488,0,2200,-2500,336,895,Tip
4352,17817,487,0,2200,-2500,336,897,Tip
4332,17808,485,0,2200,-2500,336,900,Tip
4311,17800,480,0,2200,-2500,336,902,Tip
4290,17791,476,0,2200,-2500,336,904,Tip
4268,17782,472,0,2200,-2500,336,906,Tip
4245,17773,470,0,2200,-2500,336,908,Tip
4222,17765,469,0,2200,-2500,336,910,Tip
4199,17758,471,0,2200,-2300,336,912,Tip
4177,17751,474,0,2200,-2300,336,914,Tip
4156,17743,488,0,2200,-2300,336,916,Tip
4136,17737,506,0,2200,-2300,336,918,Tip
4117,17731,531,0,2200,-2300,336,920,Tip
4100,17725,558,0,2200,-2300,336,922,Tip
4085,17720,582,0,2200,-2300,336,925,Tip
4071,17716,606,0,2200,-2300,336,927,Tip
4061,17711,623,0,2200,-2300,336,929,Tip
4054,17708,640,0,2200,-2300,336,931,Tip
4049,17706,647,0,2200,-2300,336,933,Tip
4048,17705,651,0,2200,-2300,336,935,Tip
4046,17705,650,0,2200,-2300,336,937,Tip
4046,17706,644,0,2300,-2300,336,939,Tip
4046,17706,639,0,2300,-2300,336,941,Tip
4047,17706,634,0,2300,-2300,336,943,Tip
4049,17706,632,0,2300,-2300,336,945,Tip
4051,17706,635,0,2300,-2300,336,947,Tip
4056,17706,654,0,2300,-2300,336,950,Tip
4061,17706,676,0,2300,-2300,336,952,Tip
4069,17705,702,0,2300,-2300,336,954,Tip
4080,17705,730,0,2300,-2300,336,956,Tip
4093,17705,748,0,2300,-2300,336,958,Tip
4109,17706,766,0,2300,-2300,336,960,Tip
4129,17707,782,0,2300,-2300,336,962,Tip
4151,17709,791,0,2300,-2300,336,964,Tip
4176,17711,794,0,2300,-2300,336,966,Tip
4204,17714,792,0,2300,-2300,336,968,Tip
4233,17717,788,0,2300,-2300,336,970,Tip
4263,17720,785,0,2300,-2300,336,972,Tip
4295,17722,782,0,2300,-2300,336,975,Tip
4328,17724,779,0,2300,-2300,336,977,Tip
4361,17726,775,0,2300,-2300,336,979,Tip
4393,17727,769,0,2300,-2300,336,981,Tip
4424,17728,766,0,2300,-2300,336,983,Tip
4453,17728,764,0,2300,-2300,336,985,Tip
4480,17727,758,0,2300,-2300,336,987,Tip
4505,17727,745,0,2200,-2300,336,989,Tip
4527,17724,726,0,2200,-2300,336,991,Tip
4548,17721,707,0,2200,-2300,336,993,Tip
4565,17717,691,0,2200,-2300,336,995,Tip
4580,17712,682,0,2200,-2200,336,997,Tip
4591,17707,679,0,2200,-2200,336,1000,Tip
4599,17700,676,0,2200,-2200,336,1002,Tip
4604,17693,672,0,2200,-2200,336,1004,Tip
4607,17685,670,0,2200,-2300,336,1006,Tip
4609,17676,670,0,2200,-2300,336,1008,Tip
4607,17666,675,0,2200,-2300,336,1010,Tip
4604,17656,683,0,2200,-2300,336,1012,Tip
4598,17644,693,0,2200,-2300,336,1014,Tip
4588,17631,704,0,2200,-2300,336,1016,Tip
4576,17617,717,0,2200,-2300,336,1018,Tip
4560,17602,733,0,2200,-2300,336,1020,Tip
4540,17585,748,0,2200,-2300,336,1022,Tip
4516,17568,764,0,2200,-2300,336,1025,Tip
4488,17550,776,0,2200,-2300,336,1027,Tip
4455,17531,787,0,2200,-2300,336,1029,Tip
4418,17512,799,0,2200,-2300,336,1031,Tip
4375,17491,810,0,2200,-2300,336,1033,Tip
4331,17470,821,0,2200,-2300,336,1035,Tip
4283,17449,831,0,2200,-2300,336,1037,Tip
4233,17425,845,0,2200,-2300,336,1039,Tip
4182,17401,861,0,2200,-2300,336,1041,Tip
4128,17375,876,0,2200,-2300,336,1043,Tip
4072,17348,888,0,2200,-2300,336,1045,Tip
4013,17320,898,0,2200,-2300,336,1047,Tip
3951,17291,906,0,2200,-2300,336,1050,Tip
3886,17261,924,0,2200,-2300,336,1052,Tip
3817,17230,942,0,2200,-2300,336,1054,Tip
3745,17197,962,0,2200,-2200,336,1056,Tip
3670,17162,979,0,2200,-2200,336,1058,Tip
3591,17126,995,0,2200,-2200,336,1060,Tip
3510,17088,1011,0,2200,-2200,336,1062,Tip
3427,17049,1019,0,2200,-2200,336,1064,Tip
3341,17008,1025,0,2200,-2200,336,1066,Tip
3254,16964,1025,0,2200,-2200,336,1068,Tip
3163,16919,1025,0,2200,-2200,336,1070,Tip
3072,16874,1058,0,2200,-2200,336,1072,Tip
2981,16829,1104,0,2200,-2200,336,1075,Tip
2892,16785,1146,0,2200,-2200,336,1077,Tip
2803,16738,1179,0,2200,-2200,336,1079,Tip
2716,16691,1164,0,2300,-2200,336,1081,Tip
2633,16642,1138,0,2300,-2200,336,1083,Tip
2551,16592,1115,0,2300,-2200,336,1085,Tip
2474,16541,1092,0,2300,-2200,336,1087,Tip
2401,16492,1092,0,2300,-2200,336,1089,Tip
2333,16444,1096,0,2300,-2200,336,1091,Tip
2270,16396,1104,0,2300,-2200,336,1093,Tip
2213,16350,1115,0,2300,-2100,336,1095,Tip
2163,16304,1135,0,2300,-2100,336,1097,Tip
2118,16260,1151,0,2500,-2100,336,1100,Tip
2079,16218,1172,0,2500,-2100,336,1102,Tip
2046,16178,1195,0,2500,-2100,336,1104,Tip
2018,16140,1209,0,2500,-2100,336,1106,Tip
1997,16104,1234,0,2500,-2100,336,1108,Tip
1982,16071,1253,0,2500,-2100,336,1110,Tip
1972,16041,1270,0,2500,-2100,336,1112,Tip
1965,16014,1288,0,2500,-2100,336,1114,Tip
1961,15990,1290,0,2600,-2100,336,1116,Tip
1960,15970,1287,0,2600,-2100,336,1118,Tip
1960,15953,1283,0,2600,-2100,336,1120,Tip
1961,15940,1273,0,2600,-1900,336,1122,Tip
1964,15928,1265,0,2600,-1900,336,1125,Tip
1968,15918,1254,0,2600,-1900,336,1127,Tip
1972,15909,1251,0,2600,-1900,336,1129,Tip
1977,15903,1245,0,2600,-1900,336,1131,Tip
1982,15898,1241,0,2600,-1900,336,1133,Tip
1986,15894,1242,0,2600,-1900,336,1135,Tip
1993,15891,1235,0,2700,-1900,336,1137,Tip
1999,15889,1241,0,2700,-1900,336,1139,Tip
2007,15888,1235,0,2700,-1900,336,1141,Tip
2016,15887,1231,0,2700,-1900,336,1143,Tip
2025,15887,1228,0,2700,-1900,336,1145,Tip
2037,15888,1212,0,2700,-1900,336,1147,Tip
2052,15888,1215,0,2700,-1900,336,1150,Tip
2067,15890,1221,0,2700,-1900,336,1152,Tip
2084,15892,1220,0,2700,-1800,336,1154,Tip
2102,15895,1222,0,2700,-1800,336,1156,Tip
2121,15900,1214,0,2700,-1800,336,1158,Tip
2144,15905,1205,0,2800,-1800,336,1160,Tip
2169,15911,1203,0,2800,-1800,336,1162,Tip
2196,15917,1195,0,2800,-1800,336,1164,Tip
2228,15924,1189,0,2800,-1800,336,1166,Tip
2264,15932,1183,0,2800,-1800,336,1168,Tip
2304,15941,1170,0,2800,-1800,336,1170,Tip
2348,15951,1161,0,2800,-1800,336,1172,Tip
2396,15961,1142,0,2800,-1800,336,1175,Tip
2449,15971,1124,0,2800,-1800,336,1177,Tip
2506,15983,1102,0,2800,-1800,336,1179,Tip
2568,15995,1073,0,2800,-1800,336,1181,Tip
2636,16008,1043,0,2800,-1800,336,1183,Tip
2706,16024,998,0,2800,-1800,336,1185,Tip
2780,16039,949,0,2800,-1800,336,1187,Tip
2855,16055,889,0,2700,-1800,336,1189,Tip
2930,16071,801,0,2700,-1800,336,1191,Tip
3008,16086,698,0,2700,-1800,336,1193,Tip
3086,16103,595,0,2700,-1700,336,1195,Tip
3167,16120,511,0,2700,-1700,336,1197,Tip
3251,16137,461,0,2700,-1700,336,1200,Tip
3330,16154,441,0,2700,-1700,336,1202,Tip
3408,16171,434,0,2700,-1700,336,1204,Tip
3482,16187,417,0,2700,-1700,336,1206,Tip
3549,16201,398,0,2700,-1700,336,1208,Tip
3616,16216,380,0,2700,-1700,336,1210,Tip
3681,16229,361,0,2700,-1700,336,1212,Tip
3743,16240,351,0,2600,-1700,336,1214,Tip
3801,16252,348,0,2600,-1800,336,1216,Tip
3856,16263,345,0,2600,-1800,336,1218,Tip
3909,16273,343,0,2600,-1800,336,1220,Tip
3959,16283,346,0,2600,-1800,336,1222,Tip
4007,16292,353,0,2600,-1800,336,1225,Tip
4053,16301,364,0,2600,-1800,336,1227,Tip
4096,16310,385,0,2600,-1800,336,1229,Tip
4137,16318,406,0,2600,-1700,336,1231,Tip
4176,16325,428,0,2500,-1700,336,1233,Tip
4213,16332,465,0,2500,-1700,336,1235,Tip
4248,16339,489,0,2500,-1700,336,1237,Tip
4281,16345,521,0,2500,-1700,336,1239,Tip
4312,16352,558,0,2500,-1700,336,1241,Tip
4340,16359,579,0,2500,-1700,336,1243,Tip
4367,16366,605,0,2500,-1700,336,1245,Tip
4394,16372,631,0,2300,-1700,336,1247,Tip
4419,16379,657,0,2300,-1700,336,1249,Tip
4442,16386,690,0,2300,-1700,336,1252,Tip
4464,16394,733,0,2300,-1700,336,1254,Tip
4485,16403,768,0,2300,-1700,336,1256,Tip
4505,16412,806,0,2300,-1700,336,1258,Tip
4523,16422,834,0,2300,-1700,336,1260,Tip
4542,16432,862,0,2300,-1700,336,1262,Tip
4559,16444,888,0,2200,-1700,336,1264,Tip
4575,16455,913,0,2200,-1700,336,1266,Tip
4591,16468,940,0,2200,-1700,336,1268,Tip
4606,16483,964,0,2200,-1700,336,1270,Tip
4622,16498,992,0,2200,-1700,336,1272,Tip
4636,16514,1006,0,2200,-1700,336,1274,Tip
4649,16532,1021,0,2200,-1700,336,1277,Tip
4661,16550,1026,0,2200,-1700,336,1279,Tip
4673,16569,1026,0,2200,-1700,336,1281,Tip
4686,16589,1034,0,2200,-1700,336,1283,Tip
4697,16609,1036,0,2100,-1700,336,1285,Tip
4709,16632,1030,0,2100,-1700,336,1287,Tip
4722,16655,1023,0,2100,-1700,336,1289,Tip
4734,16680,995,0,2100,-1700,336,1291,Tip
4747,16707,972,0,2100,-1700,336,1293,Tip
4760,16735,950,0,2100,-1700,336,1295,Tip
4775,16765,919,0,2100,-1700,336,1297,Tip
4790,16795,886,0,2100,-1700,336,1299,Tip
4806,16828,845,0,2100,-1700,336,1302,Tip
4825,16862,792,0,2100,-1700,336,1304,Tip
4842,16899,744,0,2100,-1700,336,1306,Tip
4863,16938,697,0,1900,-1700,336,1308,Tip
4884,16978,658,0,1900,-1700,336,1310,Tip
4906,17020,630,0,1900,-1700,336,1312,Tip
4928,17063,610,0,1900,-1700,336,1314,Tip
4951,17107,587,0,1900,-1700,336,1316,Tip
4975,17152,564,0,1900,-1700,336,1318,Tip
5000,17198,546,0,1900,-1700,336,1320,Tip
5024,17245,515,0,1900,-1700,336,1322,Tip
5048,17292,493,0,1900,-1700,336,1324,Tip
5072,17340,466,0,1900,-1700,336,1327,Tip
5093,17387,435,0,1800,-1700,336,1329,Tip
5115,17435,416,0,1800,-1700,336,1331,Tip
5135,17483,404,0,1800,-1700,336,1333,Tip
5155,17533,392,0,1800,-1700,336,1335,Tip
5175,17584,394,0,1800,-1700,336,1337,Tip
5195,17635,393,0,1800,-1700,336,1339,Tip
5214,17686,395,0,1800,-1700,336,1341,Tip
5233,17737,398,0,1800,-1700,336,1343,Tip
5251,17788,390,0,1800,-1700,336,1345,Tip
5268,17839,382,0,1700,-1700,336,1347,Tip
5284,17892,371,0,1700,-1700,336,1349,Tip
5300,17944,381,0,1700,-1700,336,1352,Tip
5315,17997,395,0,1700,-1700,336,1354,Tip
5328,18050,411,0,1700,-1700,336,1356,Tip
5342,18103,434,0,1700,-1700,336,1358,Tip
5356,18157,448,0,1700,-1700,336,1360,Tip
5369,18213,477,0,1700,-1700,336,1362,Tip
5382,18269,511,0,1700,-1700,336,1364,Tip
5395,18326,548,0,1700,-1700,336,1366,Tip
5405,18384,588,0,1700,-1700,336,1368,Tip
5418,18442,628,0,1700,-1700,336,1370,Tip
5429,18500,670,0,1500,-1700,336,1372,Tip
5439,18559,721,0,1500,-1700,336,1374,Tip
5451,18617,783,0,1500,-1700,336,1377,Tip
5461,18675,833,0,1500,-1700,336,1379,Tip
5469,18731,884,0,1500,-1800,336,1381,Tip
5478,18788,927,0,1500,-1800,336,1383,Tip
5486,18845,965,0,1500,-1800,336,1385,Tip
5492,18901,1003,0,1500,-1800,336,1387,Tip
5499,18957,1040,0,1500,-1800,336,1389,Tip
5504,19010,1075,0,1500,-1800,336,1391,Tip
5509,19062,1100,0,1500,-1800,336,1393,Tip
5512,19111,1119,0,1500,-1800,336,1395,Tip
5514,19160,1131,0,1500,-1800,336,1397,Tip
5515,19207,1140,0,1500,-1800,336,1399,Tip
5516,19250,1148,0,1400,-1800,336,1402,Tip
5516,19292,1153,0,1400,-1800,336,1404,Tip
5517,19331,1154,0,1400,-1800,336,1406,Tip
5517,19368,1148,0,1400,-1800,336,1408,Tip
5517,19403,1136,0,1400,-1800,336,1410,Tip
5517,19435,1122,0,1400,-1800,336,1412,Tip
5516,19467,1102,0,1400,-1800,336,1414,Tip
5516,19498,1076,0,1400,-1800,336,1416,Tip
5514,19527,1038,0,1400,-1800,336,1418,Tip
5511,19554,997,0,1400,-1800,336,1420,Tip
5507,19580,947,0,1400,-1800,336,1422,Tip
5500,19602,904,0,1400,-1800,336,1424,Tip
5495,19622,865,0,1400,-1800,336,1427,Tip
5489,19639,829,0,1400,-1800,336,1429,Tip
5482,19654,793,0,1400,-1800,336,1431,Tip
5474,19670,736,0,1300,-1800,336,1433,Tip
5464,19684,691,0,1300,-1800,336,1435,Tip
5455,19695,643,0,1300,-1800,336,1437,Tip
5442,19706,611,0,1300,-1800,336,1439,Tip
5427,19711,584,0,1300,-1800,336,1441,Tip
5410,19715,557,0,1300,-1800,336,1443,Tip
5390,19716,534,0,1300,-1800,336,1445,Tip
5367,19715,510,0,1300,-1800,336,1447,Tip
5343,19711,498,0,1300,-1800,336,1449,Tip
5316,19702,489,0,1300,-1800,336,1452,Tip
5286,19690,482,0,1300,-1800,336,1454,Tip
5253,19676,479,0,1300,-1800,336,1456,Tip
5217,19658,483,0,1300,-1800,336,1458,Tip
5179,19640,493,0,1300,-1800,336,1460,Tip
5137,19620,511,0,1300,-1800,336,1462,Tip
5093,19597,531,0,1300,-1800,336,1464,Tip
5045,19572,557,0,1300,-1800,336,1466,Tip
4994,19543,580,0,1300,-1800,336,1468,Tip
4938,19511,603,0,1300,-1800,336,1470,Tip
4878,19477,632,0,1300,-1800,336,1472,Tip
4814,19443,666,0,1300,-1800,336,1474,Tip
4746,19408,709,0,1300,-1800,336,1477,Tip
4671,19371,756,0,1300,-1800,336,1479,Tip
4593,19332,811,0,1300,-1800,336,1481,Tip
4508,19290,862,0,1300,-1800,336,1483,Tip
4418,19245,913,0,1300,-1800,336,1485,Tip
4326,19198,964,0,1300,-1800,336,1487,Tip
4228,19148,1013,0,1300,-1800,336,1489,Tip
4127,19095,1098,0,1300,-1800,336,1491,Tip
4023,19041,1169,0,1300,-1800,336,1493,Tip
3914,18985,1243,0,1300,-1800,336,1495,Tip
3802,18927,1301,0,1300,-1800,336,1497,Tip
3688,18869,1321,0,1300,-1800,336,1499,Tip
3571,18809,1320,0,1300,-1800,336,1502,Tip
3451,18746,1314,0,1300,-1800,336,1504,Tip
3330,18684,1300,0,1300,-1800,336,1506,Tip
3206,18619,1270,0,1300,-1800,336,1508,Tip
3083,18552,1259,0,1400,-1800,336,1510,Tip
2960,18485,1236,0,1400,-1800,336,1512,Tip
2836,18418,1211,0,1400,-1800,336,1514,Tip
2712,18350,1183,0,1400,-1800,336,1516,Tip
2589,18282,1137,0,1400,-1800,336,1518,Tip
2466,18213,1082,0,1400,-1800,336,1520,Tip
2347,18142,1019,0,1500,-1800,336,1522,Tip
2231,18072,964,0,1500,-1800,336,1524,Tip
2118,18002,922,0,1500,-1800,336,1527,Tip
2010,17932,895,0,1500,-1800,336,1529,Tip
1904,17864,876,0,1500,-1800,336,1531,Tip
1805,17797,855,0,1500,-1800,336,1533,Tip
1715,17734,837,0,1700,-1800,336,1535,Tip
1631,17672,820,0,1700,-1800,336,1537,Tip
1558,17614,806,0,1700,-1800,336,1539,Tip
1492,17559,799,0,1700,-1800,336,1541,Tip
1433,17509,796,0,1800,-1800,336,1543,Tip
1383,17463,797,0,1800,-1700,336,1545,Tip
1340,17423,803,0,1800,-1700,336,1547,Tip
1304,17387,817,0,1800,-1700,336,1549,Tip
1276,17356,828,0,1800,-1700,336,1552,Tip
1254,17330,843,0,1900,-1700,336,1554,Tip
1254,17330,843,0,1900,-1700,336,1556,Tip
1237,17309,860,0,1900,-1700,336,1558,Tip
1222,17292,872,0,1900,-1700,336,1560,Tip
1211,17279,887,0,1900,-1700,336,1562,Tip
1202,17271,898,0,1900,-1700,336,1564,Tip
1196,17265,905,0,1900,-1700,336,1566,Tip
1195,17261,912,0,2100,-1700,336,1568,Tip
1195,17260,920,0,2100,-1700,336,1570,Tip
1196,17260,928,0,2100,-1700,336,1572,Tip
1196,17260,933,0,2100,-1700,336,1574,Tip
1195,17261,934,0,2100,-1500,336,1577,Tip
1195,17262,932,0,2100,-1500,336,1579,Tip
1195,17262,927,0,2200,-1500,336,1581,Tip
1195,17263,926,0,2200,-1500,336,1583,Tip
1197,17265,925,0,2200,-1500,336,1585,Tip
1199,17267,930,0,2200,-1500,336,1587,Tip
1207,17272,938,0,2200,-1500,336,1589,Tip
1219,17280,948,0,2200,-1500,336,1591,Tip
1234,17289,961,0,2200,-1500,336,1593,Tip
1253,17302,977,0,2200,-1500,336,1595,Tip
1274,17315,994,0,2300,-1500,336,1597,Tip
1299,17332,1009,0,2300,-1500,336,1599,Tip
1329,17352,1022,0,2300,-1500,336,1602,Tip
1365,17373,1027,0,2300,-1500,336,1604,Tip
1404,17397,1036,0,2300,-1500,336,1606,Tip
1447,17424,1055,0,2300,-1500,336,1608,Tip
1494,17452,1068,0,2300,-1500,336,1610,Tip
1544,17482,1081,0,2300,-1500,336,1612,Tip
1598,17514,1077,0,2300,-1500,336,1614,Tip
1655,17548,1061,0,2300,-1500,336,1616,Tip
1713,17582,1043,0,2500,-1500,336,1618,Tip
1778,17618,1021,0,2500,-1500,336,1620,Tip
1845,17653,989,0,2500,-1500,336,1622,Tip
1916,17687,959,0,2500,-1500,336,1624,Tip
1995,17722,926,0,2500,-1500,336,1627,Tip
2075,17757,878,0,2500,-1500,336,1629,Tip
2160,17793,807,0,2500,-1500,336,1631,Tip
2253,17830,722,0,2500,-1500,336,1633,Tip
2350,17865,635,0,2500,-1500,336,1635,Tip
2452,17900,561,0,2500,-1500,336,1637,Tip
2559,17934,517,0,2500,-1500,336,1639,Tip
2667,17968,470,0,2500,-1500,336,1641,Tip
2667,17968,470,0,2500,-1500,336,1643,Tip
2775,18000,417,0,2300,-1500,336,1645,Tip
2883,18031,358,0,2300,-1500,336,1647,Tip
2990,18062,304,0,2300,-1500,336,1649,Tip
3096,18091,259,0,2300,-1500,336,1652,Tip
3202,18120,219,0,2300,-1500,336,1654,Tip
3306,18146,191,0,2300,-1500,336,1656,Tip
3306,18146,0,0,2300,-1500,336,1658,Tip
3498,18189,0,0,2300,-1500,336,1660,Tip
3589,18209,0,0,2300,-1500,336,1662,Tip
3677,18227,0,0,2300,-1500,336,1664,Tip
3766,18248,0,0,2200,-1500,336,1666,Tip
3852,18268,0,0,2200,-1500,0,1668,Tip
3935,18287,0,0,2200,-1500,0,1670,Tip
4014,18304,0,0,2200,-1500,0,1672,Tip
4089,18320,0,0,2200,-1500,0,1674,Tip
4161,18333,0,0,2200,-1500,0,1677,Tip
4226,18344,0,0,2200,-1500,0,1679,Tip
4368,18360,0,0,2200,-1500,0,1681,Tip
4378,18361,0,0,2100,-1500,0,1683,Tip
4398,18363,238,0,2100,-1500,336,1685,Tip
4427,18364,278,0,2100,-1500,336,1687,Tip
4463,18365,337,0,2100,-1500,336,1689,Tip
4495,18365,389,0,1900,-1500,336,1691,Tip
4523,18363,433,0,1900,-1500,336,1693,Tip
4546,18362,492,0,1900,-1500,336,1695,Tip
4567,18359,535,0,1900,-1500,336,1697,Tip
4586,18357,579,0,1900,-1500,336,1699,Tip
4600,18353,626,0,1900,-1500,336,1702,Tip
4612,18349,667,0,1900,-1500,336,1704,Tip
4619,18344,707,0,1800,-1500,336,1706,Tip
4622,18339,749,0,1800,-1500,336,1708,Tip
4622,18333,788,0,1800,-1500,336,1710,Tip
4621,18325,826,0,1800,-1500,336,1712,Tip
4618,18316,870,0,1800,-1500,336,1714,Tip
4611,18305,904,0,1800,-1500,336,1716,Tip
4602,18293,940,0,1800,-1500,336,1718,Tip
4589,18279,968,0,1700,-1500,336,1720,Tip
4572,18264,984,0,1700,-1500,336,1722,Tip
4554,18248,1003,0,1700,-1500,336,1724,Tip
4531,18230,1015,0,1700,-1500,336,1727,Tip
4506,18212,1028,0,1700,-1500,336,1729,Tip
4475,18193,1044,0,1700,-1500,336,1731,Tip
4442,18174,1051,0,1700,-1500,336,1733,Tip
4404,18155,1054,0,1700,-1500,336,1735,Tip
4362,18136,1051,0,1500,-1500,336,1737,Tip
4318,18115,1042,0,1500,-1500,336,1739,Tip
4271,18094,1036,0,1500,-1500,336,1741,Tip
4221,18071,1021,0,1500,-1500,336,1743,Tip
4169,18048,994,0,1500,-1500,336,1745,Tip
4114,18024,970,0,1500,-1500,336,1747,Tip
4057,17999,940,0,1500,-1500,336,1749,Tip
3997,17973,925,0,1500,-1500,336,1752,Tip
3938,17946,924,0,1500,-1500,336,1754,Tip
3878,17920,921,0,1500,-1500,336,1756,Tip
3819,17892,926,0,1500,-1500,336,1758,Tip
3762,17864,929,0,1500,-1500,336,1760,Tip
3706,17836,926,0,1500,-1500,336,1762,Tip
3651,17807,927,0,1500,-1500,336,1764,Tip
3601,17778,922,0,1500,-1500,336,1766,Tip
3555,17749,903,0,1500,-1500,336,1768,Tip
3513,17721,895,0,1500,-1500,336,1770,Tip
3476,17693,878,0,1500,-1500,336,1772,Tip
3444,17665,862,0,1500,-1500,336,1774,Tip
3416,17636,862,0,1700,-1500,336,1777,Tip
3394,17609,852,0,1700,-1500,336,1779,Tip
3376,17582,850,0,1700,-1500,336,1781,Tip
3362,17556,854,0,1700,-1500,336,1783,Tip
3355,17531,860,0,1700,-1500,336,1785,Tip
3349,17509,874,0,1700,-1500,336,1787,Tip
3348,17487,890,0,1700,-1500,336,1789,Tip
3349,17467,910,0,1700,-1500,336,1791,Tip
3354,17448,927,0,1700,-1500,336,1793,Tip
3360,17429,938,0,1700,-1500,336,1795,Tip
3370,17410,951,0,1700,-1500,336,1797,Tip
3382,17392,957,0,1700,-1500,336,1799,Tip
3396,17374,961,0,1700,-1500,336,1802,Tip
3413,17356,961,0,1700,-1500,336,1804,Tip
3432,17339,958,0,1700,-1500,336,1806,Tip
3453,17322,957,0,1700,-1500,336,1808,Tip
3477,17306,956,0,1700,-1500,336,1810,Tip
3504,17291,968,0,1700,-1500,336,1812,Tip
3533,17276,966,0,1700,-1500,336,1814,Tip
3564,17263,964,0,1700,-1500,336,1816,Tip
3598,17250,965,0,1700,-1500,336,1818,Tip
3633,17237,953,0,1700,-1500,336,1820,Tip
3669,17225,956,0,1700,-1500,336,1822,Tip
3707,17214,967,0,1700,-1500,336,1824,Tip
3744,17202,976,0,1700,-1500,336,1827,Tip
3783,17192,985,0,1700,-1400,336,1829,Tip
3823,17182,1000,0,1700,-1400,336,1831,Tip
3864,17173,1007,0,1700,-1400,336,1833,Tip
3907,17164,1015,0,1700,-1400,336,1835,Tip
3952,17155,1030,0,1700,-1400,336,1837,Tip
3995,17147,1037,0,1700,-1400,336,1839,Tip
4037,17139,1041,0,1800,-1400,336,1841,Tip
4079,17133,1044,0,1800,-1400,336,1843,Tip
4119,17126,1041,0,1700,-1400,336,1845,Tip
4160,17120,1040,0,1700,-1400,336,1847,Tip
4203,17115,1035,0,1700,-1400,336,1849,Tip
4245,17110,1026,0,1700,-1400,336,1852,Tip
4286,17106,1001,0,1700,-1400,336,1854,Tip
4329,17103,979,0,1700,-1400,336,1856,Tip
4372,17100,962,0,1700,-1400,336,1858,Tip
4416,17099,956,0,1700,-1400,336,1860,Tip
4460,17099,956,0,1700,-1400,336,1862,Tip
4505,17100,953,0,1700,-1400,336,1864,Tip
4551,17103,952,0,1700,-1400,336,1866,Tip
4598,17109,942,0,1700,-1400,336,1868,Tip
4646,17116,941,0,1700,-1400,336,1870,Tip
4693,17126,941,0,1700,-1400,336,1872,Tip
4739,17139,930,0,1700,-1400,336,1874,Tip
4784,17153,918,0,1700,-1400,336,1877,Tip
4828,17170,900,0,1700,-1400,336,1879,Tip
4871,17190,882,0,1700,-1400,336,1881,Tip
4911,17212,872,0,1700,-1300,336,1883,Tip
4948,17237,864,0,1500,-1300,336,1885,Tip
4985,17264,864,0,1500,-1400,336,1887,Tip
5019,17293,864,0,1500,-1400,336,1889,Tip
5051,17324,870,0,1500,-1400,336,1891,Tip
5082,17358,870,0,1500,-1400,336,1893,Tip
5109,17394,873,0,1500,-1400,336,1895,Tip
5133,17432,874,0,1500,-1400,336,1897,Tip
5157,17473,870,0,1500,-1400,336,1899,Tip
5181,17517,875,0,1500,-1400,336,1902,Tip
5204,17564,880,0,1400,-1400,336,1904,Tip
5227,17614,884,0,1400,-1400,336,1906,Tip
5249,17665,892,0,1400,-1400,336,1908,Tip
5269,17718,890,0,1400,-1400,336,1910,Tip
5288,17773,890,0,1400,-1400,336,1912,Tip
5306,17830,892,0,1400,-1400,336,1914,Tip
5322,17888,885,0,1400,-1400,336,1916,Tip
5338,17947,885,0,1400,-1400,336,1918,Tip
5354,18008,891,0,1400,-1400,336,1920,Tip
5367,18069,898,0,1400,-1400,336,1922,Tip
5380,18133,911,0,1400,-1400,336,1924,Tip
5392,18199,925,0,1400,-1400,336,1927,Tip
5402,18267,927,0,1400,-1400,336,1929,Tip
5413,18336,938,0,1400,-1400,336,1931,Tip
5421,18406,949,0,1400,-1400,336,1933,Tip
5429,18477,955,0,1300,-1400,336,1935,Tip
5434,18549,966,0,1300,-1400,336,1937,Tip
5438,18620,963,0,1300,-1400,336,1939,Tip
5440,18692,963,0,1300,-1400,336,1941,Tip
5440,18765,959,0,1300,-1400,336,1943,Tip
5440,18837,952,0,1300,-1400,336,1945,Tip
5437,18909,942,0,1300,-1400,336,1947,Tip
5431,18980,924,0,1300,-1500,336,1949,Tip
5423,19049,913,0,1300,-1500,336,1952,Tip
5411,19116,891,0,1300,-1500,336,1954,Tip
5399,19180,871,0,1300,-1500,336,1956,Tip
5385,19240,851,0,1300,-1500,336,1958,Tip
5370,19295,825,0,1300,-1500,336,1960,Tip
5354,19346,808,0,1300,-1500,336,1962,Tip
5337,19393,793,0,1300,-1500,336,1964,Tip
5318,19435,794,0,1300,-1500,336,1966,Tip
5296,19471,804,0,1300,-1500,336,1968,Tip
5272,19504,816,0,1300,-1500,336,1970,Tip
5247,19530,827,0,1300,-1500,336,1972,Tip
5220,19550,830,0,1300,-1500,336,1974,Tip
5192,19563,827,0,1300,-1500,336,1977,Tip
5162,19569,824,0,1300,-1500,336,1979,Tip
5129,19569,823,0,1300,-1700,336,1981,Tip
5096,19562,821,0,1300,-1700,336,1983,Tip
5060,19549,818,0,1300,-1700,336,1985,Tip
5023,19527,821,0,1300,-1700,336,1987,Tip
4986,19497,828,0,1300,-1700,336,1989,Tip
4943,19461,844,0,1300,-1700,336,1991,Tip
4898,19418,866,0,1300,-1700,336,1993,Tip
4850,19368,898,0,1300,-1700,336,1995,Tip
4798,19310,933,0,1300,-1700,336,1997,Tip
4744,19244,968,0,1300,-1700,336,1999,Tip
4685,19168,1015,0,1300,-1700,336,2002,Tip
4623,19086,1068,0,1300,-1700,336,2004,Tip
4560,18995,1115,0,1300,-1700,336,2006,Tip
4493,18897,1180,0,1300,-1700,336,2008,Tip
4425,18795,1236,0,1300,-1700,336,2010,Tip
4357,18685,1277,0,1300,-1700,336,2012,Tip
4287,18569,1322,0,1300,-1700,336,2014,Tip
4218,18445,1344,0,1300,-1700,336,2016,Tip
4148,18313,1353,0,1300,-1700,336,2018,Tip
4078,18173,1359,0,1300,-1700,336,2020,Tip
4008,18025,1372,0,1300,-1700,336,2022,Tip
3938,17869,1381,0,1300,-1700,336,2024,Tip
3873,17705,1401,0,1300,-1700,336,2027,Tip
3810,17532,1437,0,1300,-1700,336,2029,Tip
3753,17351,1446,0,1300,-1700,336,2031,Tip
3702,17161,1462,0,1400,-1700,336,2033,Tip
3656,16965,1468,0,1400,-1700,336,2035,Tip
3620,16763,1449,0,1400,-1700,336,2037,Tip
3590,16558,1427,0,1400,-1700,336,2039,Tip
3567,16352,1389,0,1400,-1700,336,2041,Tip
3552,16143,1333,0,1400,-1500,336,2043,Tip
3543,15934,1262,0,1400,-1500,336,2045,Tip
3541,15724,1195,0,1400,-1500,336,2047,Tip
3543,15515,1115,0,1400,-1500,336,2049,Tip
3545,15309,1041,0,1400,-1500,336,2052,Tip
3555,15107,978,0,1400,-1500,336,2054,Tip
3569,14909,921,0,1400,-1400,336,2056,Tip
3586,14718,878,0,1400,-1400,336,2058,Tip
3610,14533,838,0,1500,-1400,336,2060,Tip
3633,14354,811,0,1500,-1400,336,2062,Tip
3656,14182,784,0,1500,-1400,336,2064,Tip
3681,14018,766,0,1500,-1300,336,2066,Tip
3705,13863,760,0,1500,-1300,336,2068,Tip
3729,13717,755,0,1500,-1300,336,2070,Tip
3752,13581,757,0,1500,-1300,336,2072,Tip
3776,13453,759,0,1500,-1100,336,2074,Tip
3797,13339,759,0,1500,-1100,336,2077,Tip
3818,13236,747,0,1500,-1100,336,2079,Tip
3837,13143,722,0,1500,-1100,336,2081,Tip
3854,13063,685,0,1500,-1000,336,2083,Tip
3871,12994,631,0,1500,-1000,336,2085,Tip
3886,12936,566,0,1500,-1000,336,2087,Tip
3899,12888,481,0,1500,-1000,336,2089,Tip
3910,12850,393,0,1500,-1000,336,2091,Tip
3921,12820,305,0,1500,-900,336,2093,Tip
3931,12799,233,0,1500,-900,336,2095,Tip
3940,12785,184,0,1500,-900,336,2097,Tip
3940,12785,0,0,1500,-900,336,2099,Tip
3961,12773,0,0,1500,-900,336,2102,Tip
3965,12773,0,0,1500,-900,336,2104,Tip
3977,12779,0,0,1500,-900,336,2106,Tip
3983,12789,0,0,1500,-700,336,2108,Tip
3991,12805,0,0,1700,-700,0,2110,Tip
3997,12826,0,0,1700,-700,0,2112,Tip
4003,12852,0,0,1700,-700,0,2114,Tip
4007,12882,0,0,1700,-700,0,2116,Tip
4011,12915,0,0,1700,-700,0,2118,Tip
4014,12952,0,0,1700,-700,0,2120,Tip
4017,12992,0,0,1700,-700,0,2122,Tip
4017,13036,0,0,1700,-600,0,2124,Tip
4018,13083,0,0,1700,-600,0,2127,Tip
4019,13132,0,-1,1700,-600,0,2129,Tip
4019,13158,0,-1,1700,-600,0,2131,Tip
4019,13196,0,-3,1700,-600,0,2133,Tip
4022,13242,0,-3,1700,-600,0,2135,Tip
4023,13293,0,-3,1700,-600,0,2137,Tip
4024,13348,0,-6,1700,-600,0,2139,Tip
4024,13405,0,-7,1700,-600,0,2141,Tip
4022,13462,0,-9,1700,-600,0,2143,Tip
4022,13520,0,-11,1700,-600,0,2145,Tip
4024,13580,0,-12,1700,-500,0,2147,Tip
4025,13641,0,-13,1700,-500,0,2149,Tip
4026,13703,0,-15,1700,-500,0,2152,Tip
4027,13766,0,-16,1700,-500,0,2154,Tip
4028,13828,0,-18,1700,-500,0,2156,Tip
4029,13892,0,-20,1700,-500,0,2158,Tip
4031,13957,0,-22,1700,-500,0,2160,Tip
4034,14022,0,-25,1700,-500,0,2162,Tip
4037,14088,0,-26,1700,-500,0,2164,Tip
4041,14154,0,-27,1700,-500,0,2166,Tip
4046,14222,0,-29,1700,-500,0,2168,Tip
4051,14292,0,-32,1700,-500,0,2170,Tip
4056,14361,0,-34,1700,-500,0,2172,Tip
4062,14432,0,-36,1700,-500,0,2174,Tip
4069,14502,0,-37,1700,-500,0,2177,Tip
4072,14570,0,-40,1700,-500,0,2179,Tip
4077,14638,0,-42,1700,-500,0,2181,Tip
4082,14707,0,-45,1700,-500,0,2183,Tip
4087,14774,0,-47,1700,-500,0,2185,Tip
4094,14842,0,-47,1700,-500,0,2187,Tip
4105,14910,0,-51,1700,-500,0,2189,Tip
4128,14976,0,-53,1700,-500,0,2191,Tip
4141,15042,0,-54,1700,-500,0,2193,Tip
4165,15107,0,-56,1700,-500,0,2195,Tip
4182,15168,0,-57,1700,-500,0,2197,Tip
4199,15230,0,-60,1700,-500,0,2199,Tip
4219,15289,0,-63,1700,-500,0,2202,Tip
4232,15347,0,-66,1700,-500,0,2204,Tip
4255,15402,0,-66,1700,-500,0,2206,Tip
4277,15454,0,-68,1700,-500,0,2208,Tip
4300,15501,0,-70,1700,-500,0,2210,Tip
4323,15550,0,-73,1700,-500,0,2212,Tip
4344,15597,0,-74,1700,-500,0,2214,Tip
4369,15639,0,-75,1700,-500,0,2216,Tip
4402,15682,0,-75,1700,-500,0,2218,Tip
4427,15722,0,-75,1700,-500,0,2220,Tip
4455,15760,0,-77,1700,-500,0,2222,Tip
4483,15798,0,-78,1700,-500,0,2224,Tip
4505,15833,0,-79,1700,-500,0,2227,Tip
4536,15866,0,-79,1700,-500,0,2229,Tip
4568,15895,0,-80,1700,-500,0,2231,Tip
4597,15924,0,-83,1700,-500,0,2233,Tip
4629,15953,0,-84,1700,-500,0,2235,Tip
4660,15978,0,-85,1700,-500,0,2237,Tip
4689,16003,0,-86,1700,-500,0,2239,Tip
4722,16027,0,-85,1700,-600,0,2241,Tip
4747,16045,0,-85,1500,-600,0,2243,Tip
4779,16063,0,-85,1500,-600,0,2245,Tip
4812,16078,0,-84,1500,-600,0,2247,Tip
4844,16089,0,-84,1500,-600,0,2249,Tip
4881,16098,0,-83,1500,-600,0,2252,Tip
4916,16105,0,-81,1500,-600,0,2254,Tip
4955,16109,0,-80,1500,-600,0,2256,Tip
4985,16113,0,-79,1500,-600,0,2258,Tip
5013,16115,0,-77,1500,-600,0,2260,Tip
5036,16118,0,-75,1500,-600,0,2262,Tip
5053,16120,0,-73,1500,-600,0,2264,Tip
5083,16121,0,-70,1500,-600,0,2266,Tip
5108,16121,0,-65,1500,-600,0,2268,Tip
5132,16120,0,-63,1500,-600,0,2270,Tip
5155,16117,0,-59,1500,-600,0,2272,Tip
5175,16112,0,-53,1500,-600,0,2274,Tip
5198,16105,0,-51,1500,-600,0,2277,Tip
5222,16086,0,-45,1500,-600,0,2279,Tip
5240,16061,0,-39,1500,-600,0,2281,Tip
5259,16034,0,-36,1500,-600,0,2283,Tip
5276,16007,0,-30,1500,-600,0,2285,Tip
5292,15979,0,-26,1500,-600,0,2287,Tip
5308,15950,0,-20,1400,-600,0,2289,Tip
5338,15911,0,-13,1400,-600,0,2291,Tip
5358,15877,0,-8,1400,-600,0,2293,Tip
5371,15847,0,-4,1400,-600,0,2295,Tip
5389,15778,0,-7,1400,-600,0,2297,Tip
5388,15778,0,-9,1400,-600,0,2299,Tip
5387,15777,1941,0,1500,-600,336,2302,Tip
5386,15775,1708,0,1500,-600,336,2304,Tip
5384,15774,1734,0,1500,-600,336,2306,Tip
5381,15774,1631,0,1500,-600,336,2308,Tip
5378,15773,1354,0,1500,-600,336,2310,Tip
5370,15772,1046,0,1500,-600,336,2312,Tip
5360,15771,719,0,1500,-700,336,2314,Tip
5345,15771,455,0,1500,-700,336,2316,Tip
5345,15771,0,0,1500,-700,336,2318,Tip
5300,15773,0,-1,1500,-700,0,2320,Tip
5285,15773,0,-1,1500,-700,0,2322,Tip
5242,15773,0,-1,1500,-700,0,2324,Tip
5214,15774,0,-1,1500,-700,0,2327,Tip
5189,15775,0,-1,1500,-700,0,2329,Tip
5179,15777,0,-3,1500,-700,0,2331,Tip
5166,15780,0,-5,1500,-700,0,2333,Tip
5154,15784,0,-7,1500,-700,0,2335,Tip
5144,15790,0,-11,1500,-700,0,2337,Tip
5140,15794,0,-13,1500,-700,0,2339,Tip
5137,15800,0,-18,1500,-700,0,2341,Tip
5136,15809,0,-22,1500,-700,0,2343,Tip
5137,15819,0,-25,1500,-700,0,2345,Tip
5140,15832,0,-30,1500,-700,0,2347,Tip
5146,15846,0,-33,1500,-700,0,2349,Tip
5152,15861,0,-39,1500,-700,0,2352,Tip
5156,15875,0,-44,1500,-700,0,2354,Tip
5161,15893,0,-49,1500,-700,0,2356,Tip
5167,15909,0,-56,1500,-700,0,2358,Tip
5181,15924,0,-60,1500,-900,0,2360,Tip
5212,15937,0,-65,1500,-900,0,2362,Tip
5227,15949,0,-71,1500,-900,0,2364,Tip
5242,15959,0,-75,1500,-900,0,2366,Tip
5258,15969,0,-80,1500,-900,0,2368,Tip
5261,15979,0,-84,1500,-900,0,2370,Tip
5279,15988,0,-89,1500,-900,0,2372,Tip
5300,15995,0,-94,1500,-900,0,2374,Tip
5313,16000,0,-101,1500,-900,0,2377,Tip
5322,16004,0,-101,1500,-900,0,2379,Tip
5325,16008,0,-101,1500,-900,0,2381,Tip
5328,16011,0,-101,1500,-900,0,2383,Tip
5330,16014,0,-101,1500,-900,0,2385,Tip
5330,16014,0,-101,1500,-900,0,2387,Tip
4536,3129,0,-93,2200,1300,0,7021,Tip
4534,3129,0,-92,2200,1300,0,7023,Tip
4532,3129,0,-92,2200,1300,0,7025,Tip
4523,3128,0,-91,2200,1300,0,7027,Tip
4493,3128,0,-90,2200,1300,0,7029,Tip
4475,3128,0,-90,2200,1300,0,7031,Tip
4454,3128,0,-90,2200,1300,0,7033,Tip
4432,3130,0,-89,2200,1300,0,7035,Tip
4411,3133,0,-89,2200,1300,0,7037,Tip
4391,3144,0,-88,2200,1300,0,7039,Tip
4374,3163,0,-88,2200,1300,0,7041,Tip
4358,3182,0,-88,2200,1300,0,7043,Tip
4346,3202,0,-89,2200,1300,0,7045,Tip
4335,3219,0,-89,2200,1300,0,7048,Tip
4326,3237,0,-90,2200,1300,0,7050,Tip
4319,3254,0,-90,2200,1300,0,7052,Tip
4313,3269,0,-90,2200,1300,0,7054,Tip
4308,3282,0,-91,2200,1300,0,7056,Tip
4304,3294,0,-91,2200,1300,0,7058,Tip
4301,3302,0,-92,2200,1300,0,7060,Tip
4298,3311,0,-92,2200,1300,0,7062,Tip
4295,3319,0,-92,2200,1300,0,7064,Tip
4292,3323,0,-92,2200,1300,0,7066,Tip
4290,3327,0,-91,2200,1300,0,7068,Tip
4288,3331,0,-91,2200,1300,0,7070,Tip
4287,3333,0,-91,2200,1300,0,7073,Tip
4286,3336,0,-91,2200,1100,0,7075,Tip
4285,3338,0,-90,2200,1100,0,7077,Tip
4285,3339,0,-90,2200,1100,0,7079,Tip
4285,3340,0,-89,2200,1100,0,7081,Tip
4285,3341,0,-88,2200,1100,0,7083,Tip
4286,3341,0,-88,2200,1100,0,7085,Tip
4288,3340,0,-87,2200,1100,0,7087,Tip
4290,3339,0,-86,2200,1100,0,7089,Tip
4292,3338,0,-85,2200,1100,0,7091,Tip
4295,3335,0,-84,2200,1100,0,7093,Tip
4303,3332,0,-83,2200,1100,0,7095,Tip
4311,3325,0,-83,2200,1100,0,7098,Tip
4321,3315,0,-83,2200,1100,0,7100,Tip
4331,3302,0,-82,2200,1100,0,7102,Tip
4341,3292,0,-81,2200,1100,0,7104,Tip
4351,3281,0,-80,2200,1100,0,7106,Tip
4362,3269,0,-80,2200,1100,0,7108,Tip
4373,3260,0,-80,2200,1100,0,7110,Tip
4384,3250,0,-79,2200,1100,0,7112,Tip
4395,3241,0,-79,2200,1100,0,7114,Tip
4406,3234,0,-79,2200,1100,0,7116,Tip
4417,3226,0,-80,2200,1100,0,7118,Tip
4428,3218,0,-81,2200,1100,0,7120,Tip
4441,3211,0,-81,2200,1100,0,7123,Tip
4452,3204,0,-81,2200,1100,0,7125,Tip
4462,3197,0,-80,2200,1100,0,7127,Tip
4474,3191,0,-80,2200,1100,0,7129,Tip
4486,3187,0,-79,2200,1100,0,7131,Tip
4499,3182,0,-79,2200,1100,0,7133,Tip
4512,3179,0,-78,2200,1100,0,7135,Tip
4525,3176,0,-77,2200,1000,0,7137,Tip
4538,3172,0,-77,2200,1000,0,7139,Tip
4549,3168,0,-76,2200,1000,0,7141,Tip
4562,3163,0,-75,2200,1000,0,7143,Tip
4573,3158,0,-74,2200,1000,0,7145,Tip
4585,3152,0,-73,2200,1000,0,7148,Tip
4596,3147,0,-71,2200,1000,0,7150,Tip
4609,3141,0,-70,2200,1000,0,7152,Tip
4620,3135,0,-68,2200,1000,0,7154,Tip
4632,3130,0,-67,2200,1000,0,7156,Tip
4643,3123,0,-66,2200,1000,0,7158,Tip
4654,3116,0,-64,2200,1000,0,7160,Tip
4664,3110,0,-64,2200,1000,0,7162,Tip
4673,3103,0,-61,2200,1000,0,7164,Tip
4684,3096,0,-60,2200,1000,0,7166,Tip
4694,3089,0,-59,2200,1000,0,7168,Tip
4704,3081,0,-58,2200,1000,0,7170,Tip
4715,3071,0,-57,2200,1000,0,7173,Tip
4724,3062,0,-57,2200,1000,0,7175,Tip
4735,3052,0,-55,2200,1000,0,7177,Tip
4746,3042,0,-54,2200,1000,0,7179,Tip
4757,3032,0,-53,2200,1000,0,7181,Tip
4769,3021,0,-52,2200,1000,0,7183,Tip
4782,3008,0,-51,2200,900,0,7185,Tip
4795,2995,0,-49,2200,900,0,7187,Tip
4809,2981,0,-50,2200,900,0,7189,Tip
4823,2965,0,-49,2200,900,0,7191,Tip
4838,2950,0,-46,2200,900,0,7193,Tip
4853,2933,0,-45,2200,900,0,7195,Tip
4866,2914,0,-42,2200,900,0,7198,Tip
4879,2895,0,-41,2200,900,0,7200,Tip
4892,2875,0,-41,2200,900,0,7202,Tip
4906,2856,0,-40,2200,900,0,7204,Tip
4920,2836,0,-41,2200,900,0,7206,Tip
4932,2817,0,-40,2200,900,0,7208,Tip
4945,2799,0,-39,2300,900,0,7210,Tip
4957,2780,0,-38,2300,1000,0,7212,Tip
4972,2762,0,-36,2300,1000,0,7214,Tip
4986,2743,0,-35,2300,1000,0,7216,Tip
4999,2725,0,-35,2300,1000,0,7218,Tip
5011,2707,0,-35,2300,1000,0,7220,Tip
5023,2688,0,-35,2300,1000,0,7223,Tip
5033,2670,0,-34,2300,1000,0,7225,Tip
5044,2651,0,-33,2300,1000,0,7227,Tip
5053,2632,0,-32,2300,1000,0,7229,Tip
5063,2614,0,-32,2300,1000,0,7231,Tip
5071,2596,0,-32,2300,1000,0,7233,Tip
5080,2578,0,-32,2300,1000,0,7235,Tip
5088,2562,0,-31,2300,1000,0,7237,Tip
5096,2544,0,-31,2300,1000,0,7239,Tip
5103,2527,0,-29,2300,1000,0,7241,Tip
5111,2510,0,-28,2300,1000,0,7243,Tip
5118,2492,0,-26,2300,1000,0,7245,Tip
5125,2474,0,-25,2500,1000,0,7248,Tip
5131,2457,0,-25,2500,1000,0,7250,Tip
5138,2439,0,-24,2500,1000,0,7252,Tip
5145,2422,0,-23,2500,1000,0,7254,Tip
5151,2404,0,-22,2500,1100,0,7256,Tip
5157,2386,0,-20,2500,1100,0,7258,Tip
5163,2367,0,-17,2500,1100,0,7260,Tip
5174,2333,0,-17,2500,1100,0,7262,Tip
5178,2320,0,-16,2500,1100,0,7264,Tip
5183,2306,0,-13,2500,1100,0,7266,Tip
5192,2275,0,-13,2500,1100,0,7268,Tip
5199,2249,0,-11,2500,1100,0,7270,Tip
5205,2226,0,-8,2500,1100,0,7273,Tip
5211,2204,0,-8,2500,1100,0,7275,Tip
5216,2183,0,-6,2500,1300,0,7277,Tip
5222,2162,0,-3,2500,1300,0,7279,Tip
5235,2120,0,-3,2500,1300,0,7281,Tip
5241,2100,0,-1,2500,1300,0,7283,Tip
5246,2081,0,0,2500,1300,0,7285,Tip
5244,2034,0,0,2500,1300,0,7287,Tip
5244,2032,0,-3,2500,1300,0,7289,Tip
5243,2031,974,0,2500,1300,336,7291,Tip
5243,2021,1128,0,2500,1300,336,7293,Tip
5240,2012,1138,0,2500,1300,336,7295,Tip
5236,2004,1174,0,2500,1300,336,7298,Tip
5231,1995,1186,0,2500,1300,336,7300,Tip
5225,1986,1165,0,2500,1300,336,7302,Tip
5219,1979,1142,0,2500,1300,336,7304,Tip
5213,1973,1130,0,2500,1400,336,7306,Tip
5208,1969,1132,0,2500,1400,336,7308,Tip
5202,1968,1163,0,2500,1400,336,7310,Tip
5197,1967,1203,0,2500,1400,336,7312,Tip
5191,1968,1248,0,2500,1400,336,7314,Tip
5186,1971,1285,0,2500,1400,336,7316,Tip
5181,1973,1305,0,2500,1400,336,7318,Tip
5173,1979,1322,0,2500,1400,336,7320,Tip
5166,1988,1328,0,2500,1400,336,7323,Tip
5157,1999,1323,0,2500,1400,336,7325,Tip
5147,2016,1315,0,2500,1400,336,7327,Tip
5138,2036,1308,0,2500,1400,336,7329,Tip
5124,2062,1300,0,2500,1500,336,7331,Tip
5110,2092,1297,0,2500,1500,336,7333,Tip
5094,2129,1294,0,2500,1500,336,7335,Tip
5078,2171,1286,0,2500,1500,336,7337,Tip
5060,2217,1277,0,2500,1500,336,7339,Tip
5041,2266,1265,0,2500,1500,336,7341,Tip
5022,2317,1245,0,2500,1500,336,7343,Tip
5000,2369,1236,0,2500,1500,336,7345,Tip
4980,2423,1219,0,2500,1500,336,7348,Tip
4958,2480,1204,0,2500,1500,336,7350,Tip
4936,2538,1195,0,2500,1500,336,7352,Tip
4915,2596,1177,0,2500,1500,336,7354,Tip
4891,2655,1162,0,2500,1500,336,7356,Tip
4868,2713,1148,0,2500,1500,336,7358,Tip
4846,2772,1139,0,2500,1500,336,7360,Tip
4823,2831,1132,0,2500,1500,336,7362,Tip
4802,2889,1130,0,2500,1500,336,7364,Tip
4780,2945,1132,0,2500,1500,336,7366,Tip
4758,2999,1132,0,2500,1500,336,7368,Tip
4736,3050,1136,0,2500,1500,336,7370,Tip
4714,3099,1140,0,2600,1500,336,7373,Tip
4693,3147,1144,0,2600,1500,336,7375,Tip
4671,3192,1150,0,2600,1400,336,7377,Tip
4652,3236,1155,0,2600,1400,336,7379,Tip
4631,3278,1177,0,2600,1400,336,7381,Tip
4610,3317,1189,0,2600,1400,336,7383,Tip
4590,3355,1208,0,2600,1400,336,7385,Tip
4568,3391,1235,0,2600,1400,336,7387,Tip
4548,3426,1251,0,2600,1400,336,7389,Tip
4529,3458,1284,0,2600,1400,336,7391,Tip
4512,3489,1329,0,2600,1400,336,7393,Tip
4495,3518,1376,0,2600,1400,336,7395,Tip
4479,3545,1424,0,2600,1400,336,7398,Tip
4465,3569,1472,0,2600,1400,336,7400,Tip
4450,3590,1514,0,2600,1400,336,7402,Tip
4438,3610,1549,0,2600,1400,336,7404,Tip
4425,3627,1578,0,2600,1400,336,7406,Tip
4412,3643,1602,0,2600,1400,336,7408,Tip
4401,3657,1625,0,2600,1300,336,7410,Tip
4389,3668,1653,0,2600,1300,336,7412,Tip
4379,3679,1702,0,2600,1300,336,7414,Tip
4372,3686,1776,0,2600,1300,336,7416,Tip
4366,3691,1851,0,2600,1300,336,7418,Tip
4363,3694,1927,0,2600,1300,336,7420,Tip
4362,3694,1987,0,2600,1300,336,7423,Tip
4361,3693,2021,0,2600,1300,336,7425,Tip
4363,3693,2047,0,2600,1300,336,7427,Tip
4363,3692,2037,0,2600,1300,336,7429,Tip
4364,3690,2027,0,2600,1300,336,7431,Tip
4365,3686,2011,0,2600,1300,336,7433,Tip
4368,3678,1990,0,2600,1300,336,7435,Tip
4374,3666,1985,0,2600,1300,336,7437,Tip
4381,3648,1988,0,2600,1300,336,7439,Tip
4390,3624,1980,0,2600,1300,336,7441,Tip
4400,3595,1971,0,2600,1300,336,7443,Tip
4411,3562,1969,0,2600,1300,336,7445,Tip
4423,3525,1950,0,2600,1300,336,7448,Tip
4435,3484,1952,0,2600,1300,336,7450,Tip
4446,3441,1956,0,2600,1300,336,7452,Tip
4460,3395,1967,0,2600,1300,336,7454,Tip
4475,3347,1986,0,2600,1300,336,7456,Tip
4492,3296,2012,0,2600,1300,336,7458,Tip
4511,3240,2033,0,2600,1300,336,7460,Tip
4530,3183,2045,0,2600,1300,336,7462,Tip
4550,3124,2057,0,2600,1300,336,7464,Tip
4572,3064,2051,0,2600,1300,336,7466,Tip
4596,3005,2058,0,2600,1300,336,7468,Tip
4619,2943,2062,0,2600,1300,336,7470,Tip
4643,2879,2062,0,2600,1300,336,7473,Tip
4667,2814,2038,0,2600,1300,336,7475,Tip
4691,2747,2000,0,2600,1300,336,7477,Tip
4718,2677,1961,0,2600,1300,336,7479,Tip
4748,2606,1915,0,2600,1300,336,7481,Tip
4780,2531,1900,0,2600,1300,336,7483,Tip
4816,2457,1877,0,2600,1400,336,7485,Tip
4853,2384,1853,0,2600,1400,336,7487,Tip
4888,2317,1830,0,2600,1400,336,7489,Tip
4923,2253,1806,0,2600,1400,336,7491,Tip
4957,2196,1782,0,2600,1400,336,7493,Tip
4988,2145,1761,0,2600,1400,336,7495,Tip
5019,2101,1747,0,2600,1500,336,7498,Tip
5048,2064,1723,0,2600,1500,336,7500,Tip
5075,2033,1719,0,2600,1500,336,7502,Tip
5100,2005,1718,0,2600,1500,336,7504,Tip
5126,1981,1715,0,2600,1500,336,7506,Tip
5150,1959,1715,0,2600,1500,336,7508,Tip
5177,1940,1713,0,2600,1500,336,7510,Tip
5205,1923,1709,0,2600,1500,336,7512,Tip
5230,1907,1704,0,2600,1500,336,7514,Tip
5254,1894,1696,0,2600,1500,336,7516,Tip
5277,1883,1689,0,2600,1500,336,7518,Tip
5296,1875,1683,0,2600,1700,336,7520,Tip
5317,1869,1676,0,2600,1700,336,7523,Tip
5336,1866,1678,0,2600,1700,336,7525,Tip
5352,1867,1653,0,2600,1700,336,7527,Tip
5368,1870,1606,0,2600,1700,336,7529,Tip
5382,1875,1552,0,2600,1700,336,7531,Tip
5382,1875,1552,0,2600,1700,336,7533,Tip
5394,1884,1484,0,2600,1700,336,7535,Tip
5406,1898,1430,0,2600,1700,336,7537,Tip
5414,1916,1382,0,2600,1700,336,7539,Tip
5420,1939,1327,0,2600,1700,336,7541,Tip
5424,1968,1275,0,2600,1700,336,7543,Tip
5425,2002,1230,0,2600,1700,336,7545,Tip
5424,2041,1195,0,2600,1700,336,7548,Tip
5420,2084,1180,0,2600,1700,336,7550,Tip
5415,2134,1170,0,2600,1700,336,7552,Tip
5406,2189,1161,0,2600,1800,336,7554,Tip
5395,2248,1149,0,2600,1800,336,7556,Tip
5383,2312,1136,0,2600,1800,336,7558,Tip
5367,2381,1130,0,2600,1800,336,7560,Tip
5350,2452,1126,0,2600,1800,336,7562,Tip
5330,2527,1129,0,2600,1800,336,7564,Tip
5308,2604,1131,0,2600,1700,336,7566,Tip
5285,2682,1139,0,2600,1700,336,7568,Tip
5258,2763,1156,0,2600,1700,336,7570,Tip
5230,2844,1176,0,2600,1700,336,7573,Tip
5201,2926,1206,0,2600,1700,336,7575,Tip
5172,3007,1239,0,2600,1700,336,7577,Tip
5145,3086,1286,0,2600,1700,336,7579,Tip
5121,3161,1342,0,2600,1700,336,7581,Tip
5099,3233,1397,0,2600,1700,336,7583,Tip
5078,3300,1456,0,2600,1700,336,7585,Tip
5060,3362,1526,0,2600,1700,336,7587,Tip
5043,3422,1589,0,2600,1700,336,7589,Tip
5029,3476,1642,0,2600,1700,336,7591,Tip
5017,3527,1680,0,2600,1500,336,7593,Tip
5006,3574,1688,0,2600,1500,336,7595,Tip
4996,3617,1690,0,2600,1500,336,7598,Tip
4990,3656,1686,0,2600,1500,336,7600,Tip
4987,3692,1681,0,2600,1500,336,7602,Tip
4987,3726,1687,0,2600,1500,336,7604,Tip
4991,3759,1700,0,2600,1500,336,7606,Tip
4995,3788,1747,0,2600,1500,336,7608,Tip
5001,3814,1821,0,2600,1500,336,7610,Tip
5010,3837,1883,0,2600,1500,336,7612,Tip
5021,3857,1947,0,2600,1400,336,7614,Tip
5033,3874,1992,0,2600,1400,336,7616,Tip
5048,3888,2018,0,2600,1400,336,7618,Tip
5064,3900,2059,0,2600,1400,336,7620,Tip
5081,3909,2103,0,2600,1400,336,7623,Tip
5100,3916,2126,0,2600,1400,336,7625,Tip
5122,3920,2156,0,2600,1400,336,7627,Tip
5145,3920,2181,0,2600,1400,336,7629,Tip
5171,3917,2209,0,2600,1400,336,7631,Tip
5199,3912,2263,0,2600,1300,336,7633,Tip
5226,3902,2319,0,2600,1300,336,7635,Tip
5256,3891,2379,0,2600,1300,336,7637,Tip
5285,3875,2428,0,2600,1300,336,7639,Tip
5314,3856,2465,0,2600,1300,336,7641,Tip
5344,3835,2488,0,2600,1300,336,7643,Tip
5373,3812,2503,0,2600,1300,336,7645,Tip
5404,3785,2513,0,2600,1300,336,7648,Tip
5434,3756,2522,0,2600,1300,336,7650,Tip
5465,3724,2533,0,2600,1300,336,7652,Tip
5498,3688,2537,0,2600,1300,336,7654,Tip
5528,3650,2541,0,2600,1300,336,7656,Tip
5561,3609,2561,0,2600,1300,336,7658,Tip
5590,3565,2569,0,2600,1300,336,7660,Tip
5620,3517,2567,0,2600,1300,336,7662,Tip
5650,3467,2564,0,2500,1300,336,7664,Tip
5677,3416,2545,0,2500,1300,336,7666,Tip
5707,3362,2542,0,2500,1300,336,7668,Tip
5735,3306,2535,0,2500,1300,336,7670,Tip
5765,3248,2535,0,2500,1300,336,7673,Tip
5794,3188,2530,0,2500,1300,336,7675,Tip
5823,3126,2515,0,2500,1300,336,7677,Tip
5854,3063,2513,0,2500,1300,336,7679,Tip
5884,2999,2512,0,2500,1300,336,7681,Tip
5914,2935,2482,0,2500,1300,336,7683,Tip
5944,2871,2436,0,2500,1300,336,7685,Tip
5973,2808,2367,0,2500,1300,336,7687,Tip
6004,2748,2283,0,2500,1300,336,7689,Tip
6035,2689,2218,0,2500,1300,336,7691,Tip
6066,2633,2167,0,2500,1300,336,7693,Tip
6099,2581,2094,0,2500,1300,336,7695,Tip
6132,2531,2030,0,2500,1300,336,7698,Tip
6165,2484,1954,0,2500,1300,336,7700,Tip
6199,2441,1862,0,2500,1300,336,7702,Tip
6231,2401,1777,0,2500,1300,336,7704,Tip
6262,2366,1663,0,2500,1300,336,7706,Tip
6295,2335,1542,0,2500,1300,336,7708,Tip
6327,2306,1396,0,2500,1400,336,7710,Tip
6357,2282,1259,0,2500,1400,336,7712,Tip
6389,2260,1116,0,2500,1400,336,7714,Tip
6420,2239,967,0,2500,1400,336,7716,Tip
6451,2221,829,0,2500,1400,336,7718,Tip
6483,2203,675,0,2500,1400,336,7720,Tip
6514,2187,515,0,2500,1400,336,7723,Tip
6544,2172,365,0,2500,1400,336,7725,Tip
6544,2172,0,0,2500,1400,336,7727,Tip
6598,2150,0,-1,2500,1400,0,7729,Tip
6611,2147,0,-1,2500,1400,0,7731,Tip
6611,2147,0,-1,2500,1400,0,7733,Tip
6647,2137,0,-1,2500,1500,0,7735,Tip
6670,2132,0,-1,2500,1500,0,7737,Tip
6689,2128,0,0,2500,1500,0,7739,Tip
6705,2124,0,-1,2500,1500,0,7741,Tip
6712,2123,0,-1,2500,1500,0,7743,Tip
6720,2121,0,-3,2500,1500,0,7745,Tip
6729,2119,0,-4,2500,1500,0,7748,Tip
6737,2118,0,-6,2500,1500,0,7750,Tip
6744,2117,0,-10,2500,1500,0,7752,Tip
6747,2116,0,-13,2500,1500,0,7754,Tip
6751,2115,0,-18,2500,1500,0,7756,Tip
6754,2115,0,-22,2500,1500,0,7758,Tip
6757,2115,0,-24,2500,1700,0,7760,Tip
6759,2116,0,-28,2300,1700,0,7762,Tip
6760,2118,0,-32,2300,1700,0,7764,Tip
6761,2119,0,-36,2300,1700,0,7766,Tip
6761,2120,0,-42,2300,1700,0,7768,Tip
6761,2123,0,-45,2300,1700,0,7770,Tip
6761,2126,0,-50,2300,1700,0,7773,Tip
6762,2129,0,-54,2300,1700,0,7775,Tip
6763,2134,0,-57,2300,1700,0,7777,Tip
6763,2136,0,-63,2300,1700,0,7779,Tip
6764,2140,0,-66,2300,1800,0,7781,Tip
6764,2153,0,-70,2300,1800,0,7783,Tip
6765,2169,0,-74,2300,1800,0,7785,Tip
6766,2184,0,-76,2300,1800,0,7787,Tip
6767,2198,0,-80,2300,1800,0,7789,Tip
6768,2211,0,-82,2300,1800,0,7791,Tip
6769,2226,0,-83,2300,1800,0,7793,Tip
6771,2238,0,-86,2300,1800,0,7795,Tip
6773,2250,0,-88,2200,1800,0,7798,Tip
6775,2262,0,-90,2200,1800,0,7800,Tip
6779,2270,0,-91,2200,1800,0,7802,Tip
6785,2286,0,-92,2200,1900,0,7804,Tip
6795,2297,0,-94,2200,1900,0,7806,Tip
6804,2310,0,-95,2200,1900,0,7808,Tip
6815,2323,0,-96,2200,1900,0,7810,Tip
6829,2332,0,-98,2200,1900,0,7812,Tip
6850,2346,0,-99,2200,1900,0,7814,Tip
6878,2358,0,-100,2200,1900,0,7816,Tip
6885,2373,0,-100,2200,1900,0,7818,Tip
6893,2385,0,-101,2200,1900,0,7820,Tip
6896,2399,0,-101,2200,1900,0,7823,Tip
6898,2417,0,-101,2200,1900,0,7825,Tip
6900,2436,0,-102,2200,1900,0,7827,Tip
6903,2453,0,-102,2200,1900,0,7829,Tip
6905,2467,0,-102,2200,1900,0,7831,Tip
6907,2482,0,-102,2200,1900,0,7833,Tip
6907,2491,0,-103,2200,1900,0,7835,Tip
6909,2509,0,-103,2200,1900,0,7837,Tip
6909,2525,0,-102,2200,1900,0,7839,Tip
6909,2538,0,-103,2200,1900,0,7841,Tip
6909,2552,0,-103,2200,1900,0,7843,Tip
6909,2561,0,-102,2200,1900,0,7845,Tip
6909,2576,0,-102,2200,1900,0,7848,Tip
6909,2592,0,-101,2200,1900,0,7850,Tip
6910,2608,0,-100,2200,1900,0,7852,Tip
6910,2625,0,-100,2200,1900,0,7854,Tip
6910,2640,0,-99,2200,1900,0,7856,Tip
6910,2655,0,-98,2200,1900,0,7858,Tip
6910,2668,0,-97,2200,1900,0,7860,Tip
6911,2680,0,-96,2200,1900,0,7862,Tip
6912,2694,0,-96,2200,1900,0,7864,Tip
6913,2707,0,-95,2200,1900,0,7866,Tip
6914,2721,0,-94,2200,1900,0,7868,Tip
6916,2735,0,-93,2200,1900,0,7870,Tip
6916,2747,0,-92,2200,1900,0,7873,Tip
6917,2758,0,-91,2200,1900,0,7875,Tip
6917,2770,0,-89,2200,1900,0,7877,Tip
6918,2780,0,-89,2100,1900,0,7879,Tip
6918,2790,0,-87,2100,1900,0,7881,Tip
6919,2799,0,-86,2100,1900,0,7883,Tip
6919,2808,0,-85,2100,1900,0,7885,Tip
6919,2814,0,-83,2100,1900,0,7887,Tip
6919,2820,0,-82,2100,1900,0,7889,Tip
6919,2827,0,-81,2100,1800,0,7891,Tip
6920,2836,0,-80,2100,1800,0,7893,Tip
6920,2845,0,-79,2100,1800,0,7895,Tip
6920,2853,0,-77,2100,1800,0,7898,Tip
6920,2860,0,-75,2100,1800,0,7900,Tip
6921,2864,0,-73,2100,1800,0,7902,Tip
6921,2867,0,-72,2100,1800,0,7904,Tip
6921,2870,0,-70,2100,1800,0,7906,Tip
6921,2873,0,-67,2100,1800,0,7908,Tip
6922,2878,0,-65,2100,1800,0,7910,Tip
6922,2881,0,-63,2100,1800,0,7912,Tip
6922,2883,0,-61,2100,1800,0,7914,Tip
6922,2887,0,-61,2100,1800,0,7916,Tip
6921,2890,0,-60,2100,1800,0,7918,Tip
6921,2892,0,-59,2100,1800,0,7920,Tip
6920,2894,0,-60,2100,1800,0,7923,Tip
6920,2895,0,-59,2100,1800,0,7925,Tip
6918,2896,0,-59,2100,1800,0,7927,Tip
6917,2897,0,-59,2100,1800,0,7929,Tip
6915,2896,0,-59,2100,1800,0,7931,Tip
6912,2896,0,-58,2100,1800,0,7933,Tip
6908,2895,0,-58,2100,1800,0,7935,Tip
6904,2894,0,-57,2100,1700,0,7937,Tip
6900,2892,0,-57,2100,1700,0,7939,Tip
6895,2890,0,-56,2100,1700,0,7941,Tip
6889,2887,0,-56,2100,1700,0,7943,Tip
6883,2884,0,-56,2100,1700,0,7945,Tip
6878,2880,0,-56,2100,1700,0,7948,Tip
6871,2876,0,-56,2100,1700,0,7950,Tip
6864,2872,0,-55,2100,1700,0,7952,Tip
6851,2868,0,-55,2100,1700,0,7954,Tip
6832,2862,0,-54,2100,1700,0,7956,Tip
6821,2857,0,-52,2100,1700,0,7958,Tip
6811,2852,0,-53,2100,1700,0,7960,Tip
6800,2846,0,-52,2100,1700,0,7962,Tip
6790,2841,0,-52,2100,1700,0,7964,Tip
6781,2836,0,-53,2100,1700,0,7966,Tip
6772,2831,0,-52,2100,1700,0,7968,Tip
6764,2827,0,-52,2100,1700,0,7970,Tip
6755,2823,0,-51,2100,1700,0,7973,Tip
6747,2820,0,-51,2100,1700,0,7975,Tip
6740,2818,0,-51,2100,1700,0,7977,Tip
6733,2816,0,-50,2100,1800,0,7979,Tip
6726,2815,0,-50,2100,1800,0,7981,Tip
6719,2814,0,-50,2100,1800,0,7983,Tip
6712,2814,0,-49,2100,1800,0,7985,Tip
6706,2813,0,-49,2100,1800,0,7987,Tip
6699,2813,0,-49,2100,1800,0,7989,Tip
6693,2813,0,-49,2100,1800,0,7991,Tip
6687,2814,0,-49,2100,1800,0,7993,Tip
6681,2814,0,-49,2100,1800,0,7995,Tip
6675,2814,0,-49,2100,1800,0,7998,Tip
6669,2815,0,-49,2100,1800,0,8000,Tip
6663,2816,0,-49,2100,1800,0,8002,Tip
6656,2816,0,-49,2100,1800,0,8004,Tip
6650,2817,0,-49,2100,1800,0,8006,Tip
6643,2817,0,-49,2100,1800,0,8008,Tip
6637,2818,0,-49,2100,1800,0,8010,Tip
6630,2818,0,-50,2100,1800,0,8012,Tip
6620,2819,0,-50,2100,1800,0,8014,Tip
6609,2820,0,-50,2100,1800,0,8016,Tip
6598,2821,0,-51,2100,1800,0,8018,Tip
6587,2823,0,-51,2100,1800,0,8020,Tip
6575,2825,0,-52,2100,1800,0,8023,Tip
6563,2828,0,-52,2100,1800,0,8025,Tip
6551,2831,0,-53,2100,1800,0,8027,Tip
6541,2835,0,-53,2100,1800,0,8029,Tip
6530,2839,0,-54,2100,1800,0,8031,Tip
6520,2844,0,-54,2100,1800,0,8033,Tip
6510,2850,0,-54,2100,1800,0,8035,Tip
6500,2856,0,-54,2100,1800,0,8037,Tip
6492,2863,0,-53,2100,1800,0,8039,Tip
6484,2871,0,-53,2100,1800,0,8041,Tip
6477,2879,0,-52,2100,1700,0,8043,Tip
6470,2885,0,-50,2100,1700,0,8045,Tip
6463,2892,0,-48,2100,1700,0,8048,Tip
6456,2898,0,-46,2100,1700,0,8050,Tip
6450,2904,0,-45,2100,1700,0,8052,Tip
6443,2911,0,-42,2200,1700,0,8054,Tip
6430,2923,0,-41,2200,1700,0,8056,Tip
6424,2928,0,-40,2200,1700,0,8058,Tip
6418,2934,0,-38,2200,1700,0,8060,Tip
6411,2939,0,-38,2200,1700,0,8062,Tip
6400,2945,0,-38,2200,1700,0,8064,Tip
6383,2956,0,-37,2200,1700,0,8066,Tip
6366,2966,0,-37,2200,1700,0,8068,Tip
6347,2975,0,-37,2200,1700,0,8070,Tip
6327,2978,0,-37,2200,1700,0,8073,Tip
6307,2982,0,-38,2200,1700,0,8075,Tip
6289,2986,0,-38,2200,1700,0,8077,Tip
6276,2989,0,-39,2200,1700,0,8079,Tip
6266,2992,0,-41,2200,1700,0,8081,Tip
6259,2994,0,-42,2200,1700,0,8083,Tip
6252,2995,0,-43,2200,1700,0,8085,Tip
6247,2995,0,-43,2200,1700,0,8087,Tip
6243,2995,0,-43,2200,1700,0,8089,Tip
6241,2992,0,-43,2200,1700,0,8091,Tip
6241,2989,0,-42,2200,1700,0,8093,Tip
6243,2985,0,-40,2200,1700,0,8095,Tip
6248,2980,0,-39,2200,1700,0,8098,Tip
6262,2968,0,-36,2300,1700,0,8100,Tip
6279,2957,0,-33,2300,1700,0,8102,Tip
6303,2946,0,-31,2300,1700,0,8104,Tip
6325,2935,0,-27,2300,1700,0,8106,Tip
6347,2926,0,-25,2300,1700,0,8108,Tip
6369,2918,0,-23,2300,1700,0,8110,Tip
6390,2911,0,-20,2300,1700,0,8112,Tip
6411,2906,0,-17,2300,1700,0,8114,Tip
6446,2900,0,-14,2300,1700,0,8116,Tip
6474,2901,0,-9,2300,1700,0,8118,Tip
6497,2906,0,-5,2300,1700,0,8120,Tip
6539,2923,0,-2,2300,1700,0,8123,Tip
6550,2934,0,0,2300,1700,0,8125,Tip
6560,2951,0,-6,2300,1700,0,8127,Tip
6560,2952,0,-6,2300,1700,0,8129,Tip
6560,2952,0,-6,2300,1700,0,8131,Tip
6559,2952,1801,0,2300,1700,336,8133,Tip
6559,2953,1605,0,2300,1700,336,8135,Tip
6557,2954,1707,0,2300,1700,336,8137,Tip
6554,2957,1728,0,2300,1700,336,8139,Tip
6547,2962,1665,0,2300,1700,336,8141,Tip
6535,2972,1549,0,2300,1700,336,8143,Tip
6517,2988,1413,0,2300,1700,336,8145,Tip
6493,3013,1294,0,2300,1700,336,8148,Tip
6466,3044,1217,0,2300,1700,336,8150,Tip
6438,3081,1180,0,2300,1700,336,8152,Tip
6410,3122,1162,0,2300,1700,336,8154,Tip
6381,3165,1162,0,2300,1700,336,8156,Tip
6351,3208,1166,0,2300,1700,336,8158,Tip
6321,3251,1169,0,2300,1700,336,8160,Tip
6291,3293,1171,0,2300,1700,336,8162,Tip
6262,3333,1176,0,2300,1700,336,8164,Tip
6234,3372,1163,0,2300,1700,336,8166,Tip
6207,3412,1130,0,2300,1700,336,8168,Tip
6179,3452,1087,0,2300,1700,336,8170,Tip
6152,3493,1024,0,2300,1700,336,8173,Tip
6123,3535,966,0,2300,1700,336,8175,Tip
6095,3576,905,0,2300,1700,336,8177,Tip
6069,3618,836,0,2300,1700,336,8179,Tip
6043,3660,762,0,2300,1700,336,8181,Tip
6019,3700,694,0,2500,1700,336,8183,Tip
5997,3739,638,0,2500,1700,336,8185,Tip
5976,3775,586,0,2500,1700,336,8187,Tip
5957,3808,542,0,2500,1700,336,8189,Tip
5940,3838,486,0,2500,1700,336,8191,Tip
5926,3864,419,0,2500,1700,336,8193,Tip
5914,3889,349,0,2500,1700,336,8195,Tip
5904,3909,276,0,2500,1700,336,8198,Tip
5895,3927,210,0,2500,1700,336,8200,Tip
5895,3927,0,0,2500,1700,336,8202,Tip
5883,3956,0,-1,2500,1700,0,8204,Tip
5881,3962,0,-1,2500,1500,0,8206,Tip
5877,3978,0,-1,2500,1500,0,8208,Tip
5877,3986,0,-1,2500,1500,0,8210,Tip
5879,3992,0,0,2500,1500,0,8212,Tip
5883,3995,0,0,2500,1500,0,8214,Tip
5889,3996,0,0,2500,1500,0,8216,Tip
5895,3993,0,0,2600,1500,0,8218,Tip
5901,3990,0,0,2600,1500,0,8220,Tip
5906,3985,0,0,2600,1500,0,8223,Tip
5909,3981,0,-1,2600,1500,0,8225,Tip
5913,3974,0,-1,2600,1500,0,8227,Tip
5918,3964,0,-1,2600,1500,0,8229,Tip
5924,3952,0,-2,2600,1500,0,8231,Tip
5930,3937,0,-3,2600,1500,0,8233,Tip
5937,3920,0,-5,2600,1500,0,8235,Tip
5946,3902,0,-7,2600,1500,0,8237,Tip
5955,3882,0,-7,2600,1500,0,8239,Tip
5965,3862,0,-8,2600,1500,0,8241,Tip
5975,3842,0,-10,2600,1500,0,8243,Tip
5980,3833,0,-11,2600,1500,0,8245,Tip
5986,3821,0,-13,2600,1500,0,8248,Tip
5993,3808,0,-16,2600,1500,0,8250,Tip
6000,3794,0,-16,2600,1500,0,8252,Tip
6007,3780,0,-17,2600,1500,0,8254,Tip
6014,3767,0,-18,2600,1500,0,8256,Tip
6020,3755,0,-18,2600,1500,0,8258,Tip
6026,3745,0,-18,2600,1500,0,8260,Tip
6032,3736,0,-19,2600,1500,0,8262,Tip
6037,3730,0,-19,2600,1500,0,8264,Tip
6042,3726,0,-19,2600,1500,0,8266,Tip
6047,3724,0,-19,2600,1500,0,8268,Tip
6051,3725,0,-19,2600,1500,0,8270,Tip
6054,3728,0,-18,2500,1500,0,8273,Tip
6058,3734,0,-17,2500,1500,0,8275,Tip
6061,3742,0,-16,2500,1500,0,8277,Tip
6065,3751,0,-14,2500,1500,0,8279,Tip
6073,3774,0,-12,2500,1500,0,8281,Tip
6077,3794,0,-9,2600,1500,0,8283,Tip
6081,3813,0,-6,2500,1500,0,8285,Tip
6092,3850,0,-3,2500,1400,0,8287,Tip
6094,3859,0,-1,2500,1400,0,8289,Tip
6105,3889,0,-1,2500,1400,0,8291,Tip
6104,3890,0,-6,2600,1400,0,8293,Tip
6104,3890,2008,0,2600,1400,336,8295,Tip
6105,3892,2191,0,2600,1400,336,8298,Tip
6105,3892,2196,0,2600,1400,336,8300,Tip
6105,3892,2162,0,2600,1400,336,8302,Tip
6103,3893,2094,0,2600,1400,336,8304,Tip
6103,3893,2003,0,2600,1400,336,8306,Tip
6102,3893,1906,0,2600,1400,336,8308,Tip
6102,3893,1830,0,2600,1400,336,8310,Tip
6102,3893,1787,0,2600,1400,336,8312,Tip
6102,3892,1751,0,2600,1400,336,8314,Tip
6103,3892,1725,0,2600,1400,336,8316,Tip
6103,3891,1722,0,2600,1400,336,8318,Tip
6104,3890,1707,0,2600,1400,336,8320,Tip
6106,3890,1694,0,2600,1400,336,8323,Tip
6107,3890,1683,0,2600,1400,336,8325,Tip
6112,3891,1666,0,2600,1400,336,8327,Tip
6117,3891,1667,0,2600,1400,336,8329,Tip
6123,3892,1672,0,2600,1400,336,8331,Tip
6133,3892,1677,0,2600,1400,336,8333,Tip
6145,3892,1674,0,2600,1400,336,8335,Tip
6157,3891,1667,0,2600,1400,336,8337,Tip
6171,3889,1657,0,2600,1400,336,8339,Tip
6186,3886,1640,0,2600,1400,336,8341,Tip
6200,3882,1620,0,2600,1400,336,8343,Tip
6218,3876,1607,0,2600,1400,336,8345,Tip
6237,3870,1589,0,2600,1400,336,8348,Tip
6259,3860,1577,0,2600,1400,336,8350,Tip
6285,3848,1575,0,2600,1400,336,8352,Tip
6314,3834,1563,0,2600,1400,336,8354,Tip
6343,3817,1555,0,2600,1400,336,8356,Tip
6375,3798,1533,0,2600,1400,336,8358,Tip
6409,3775,1502,0,2600,1400,336,8360,Tip
6444,3750,1465,0,2600,1400,336,8362,Tip
6484,3723,1418,0,2600,1400,336,8364,Tip
6526,3693,1373,0,2600,1400,336,8366,Tip
6568,3663,1332,0,2600,1400,336,8368,Tip
6611,3630,1282,0,2600,1500,336,8370,Tip
6654,3597,1239,0,2600,1500,336,8373,Tip
6696,3563,1199,0,2600,1500,336,8375,Tip
6741,3528,1165,0,2600,1500,336,8377,Tip
6784,3493,1143,0,2600,1500,336,8379,Tip
6827,3456,1124,0,2600,1500,336,8381,Tip
6870,3420,1115,0,2600,1500,336,8383,Tip
6913,3385,1105,0,2600,1500,336,8385,Tip
6954,3350,1106,0,2600,1500,336,8387,Tip
6994,3316,1108,0,2600,1500,336,8389,Tip
7034,3281,1111,0,2600,1500,336,8391,Tip
7071,3245,1116,0,2600,1500,336,8393,Tip
7106,3211,1120,0,2600,1500,336,8395,Tip
7141,3175,1127,0,2600,1500,336,8398,Tip
7173,3138,1136,0,2600,1500,336,8400,Tip
7203,3101,1149,0,2600,1500,336,8402,Tip
7232,3062,1161,0,2600,1500,336,8404,Tip
7259,3022,1180,0,2600,1500,336,8406,Tip
7284,2982,1198,0,2600,1500,336,8408,Tip
7309,2940,1216,0,2600,1500,336,8410,Tip
7331,2897,1239,0,2600,1500,336,8412,Tip
7353,2851,1265,0,2600,1500,336,8414,Tip
7373,2805,1289,0,2600,1700,336,8416,Tip
7392,2758,1315,0,2600,1700,336,8418,Tip
7410,2711,1346,0,2600,1700,336,8420,Tip
7428,2664,1364,0,2600,1700,336,8423,Tip
7445,2615,1391,0,2600,1700,336,8425,Tip
7460,2565,1418,0,2600,1700,336,8427,Tip
7474,2514,1442,0,2600,1700,336,8429,Tip
7487,2462,1476,0,2600,1700,336,8431,Tip
7499,2409,1506,0,2600,1700,336,8433,Tip
7513,2356,1540,0,2500,1700,336,8435,Tip
7527,2302,1579,0,2500,1700,336,8437,Tip
7541,2248,1609,0,2500,1800,336,8439,Tip
7555,2192,1628,0,2500,1800,336,8441,Tip
7568,2139,1640,0,2500,1800,336,8443,Tip
7581,2085,1637,0,2500,1800,336,8445,Tip
7594,2033,1631,0,2500,1800,336,8448,Tip
7606,1983,1638,0,2500,1800,336,8450,Tip
7617,1936,1642,0,2500,1800,336,8452,Tip
7627,1892,1655,0,2500,1900,336,8454,Tip
7637,1850,1674,0,2500,1900,336,8456,Tip
7646,1813,1675,0,2500,1900,336,8458,Tip
7655,1779,1682,0,2500,1900,336,8460,Tip
7663,1750,1689,0,2500,1900,336,8462,Tip
7669,1725,1686,0,2500,1900,336,8464,Tip
7674,1706,1686,0,2500,1900,336,8466,Tip
7676,1690,1674,0,2500,2100,336,8468,Tip
7676,1680,1651,0,2500,2100,336,8470,Tip
7678,1672,1617,0,2500,2100,336,8473,Tip
7677,1669,1576,0,2500,2100,336,8475,Tip
7676,1669,1526,0,2500,2100,336,8477,Tip
7674,1669,1470,0,2500,2100,336,8479,Tip
7672,1669,1410,0,2500,2100,336,8481,Tip
7671,1669,1339,0,2500,2200,336,8483,Tip
7669,1670,1275,0,2500,2200,336,8485,Tip
7665,1673,1220,0,2300,2200,336,8487,Tip
7660,1679,1177,0,2300,2200,336,8489,Tip
7654,1689,1159,0,2300,2200,336,8491,Tip
7645,1704,1151,0,2300,2200,336,8493,Tip
7636,1724,1149,0,2300,2200,336,8495,Tip
7626,1750,1150,0,2300,2200,336,8498,Tip
7616,1780,1156,0,2300,2200,336,8500,Tip
7605,1816,1159,0,2300,2200,336,8502,Tip
7594,1856,1162,0,2300,2200,336,8504,Tip
7583,1900,1166,0,2300,2200,336,8506,Tip
7570,1948,1164,0,2300,2300,336,8508,Tip
7559,1998,1166,0,2300,2300,336,8510,Tip
7548,2050,1164,0,2300,2300,336,8512,Tip
7537,2105,1163,0,2300,2300,336,8514,Tip
7527,2162,1164,0,2300,2300,336,8516,Tip
7518,2219,1164,0,2300,2300,336,8518,Tip
7510,2278,1179,0,2300,2300,336,8520,Tip
7503,2337,1205,0,2300,2300,336,8523,Tip
7495,2395,1250,0,2300,2300,336,8525,Tip
7488,2452,1316,0,2300,2300,336,8527,Tip
7481,2510,1396,0,2300,2300,336,8529,Tip
7473,2567,1486,0,2300,2300,336,8531,Tip
7465,2623,1572,0,2300,2300,336,8533,Tip
7457,2679,1653,0,2300,2300,336,8535,Tip
7448,2733,1735,0,2300,2300,336,8537,Tip
7439,2787,1812,0,2300,2300,336,8539,Tip
7430,2839,1886,0,2300,2300,336,8541,Tip
7420,2890,1951,0,2300,2300,336,8543,Tip
7410,2939,2019,0,2300,2300,336,8545,Tip
7399,2986,2077,0,2300,2300,336,8548,Tip
7388,3032,2119,0,2300,2300,336,8550,Tip
7375,3077,2160,0,2300,2300,336,8552,Tip
7362,3120,2178,0,2300,2300,336,8554,Tip
7348,3164,2208,0,2300,2200,336,8556,Tip
7332,3207,2259,0,2300,2200,336,8558,Tip
7317,3249,2298,0,2300,2200,336,8560,Tip
7301,3291,2344,0,2300,2200,336,8562,Tip
7286,3330,2378,0,2300,2200,336,8564,Tip
7272,3366,2394,0,2300,2200,336,8566,Tip
7258,3400,2425,0,2300,2200,336,8568,Tip
7243,3434,2447,0,2500,2200,336,8570,Tip
7229,3465,2455,0,2500,2200,336,8573,Tip
7216,3494,2459,0,2500,2200,336,8575,Tip
7201,3522,2450,0,2500,2200,336,8577,Tip
7188,3545,2437,0,2500,2200,336,8579,Tip
7173,3569,2433,0,2500,2200,336,8581,Tip
7155,3593,2433,0,2500,2200,336,8583,Tip
7136,3617,2428,0,2500,2200,336,8585,Tip
7116,3640,2415,0,2500,2200,336,8587,Tip
7095,3662,2389,0,2500,2200,336,8589,Tip
7073,3683,2348,0,2500,2200,336,8591,Tip
7052,3702,2307,0,2500,2200,336,8593,Tip
7028,3720,2273,0,2500,2200,336,8595,Tip
7005,3737,2223,0,2500,2200,336,8598,Tip
6982,3750,2184,0,2500,2200,336,8600,Tip
6958,3761,2138,0,2500,2200,336,8602,Tip
6935,3769,2094,0,2500,2200,336,8604,Tip
6911,3773,2057,0,2500,2200,336,8606,Tip
6888,3776,2004,0,2500,2200,336,8608,Tip
6867,3776,1965,0,2500,2200,336,8610,Tip
6846,3773,1914,0,2500,2200,336,8612,Tip
6827,3767,1879,0,2500,2100,336,8614,Tip
6808,3759,1845,0,2500,2100,336,8616,Tip
6788,3748,1794,0,2500,2100,336,8618,Tip
6770,3733,1739,0,2500,2100,336,8620,Tip
6754,3716,1641,0,2500,2100,336,8623,Tip
6738,3694,1557,0,2500,2100,336,8625,Tip
6724,3668,1460,0,2500,2100,336,8627,Tip
6710,3639,1360,0,2500,2100,336,8629,Tip
6696,3607,1284,0,2500,2100,336,8631,Tip
6685,3571,1204,0,2500,2100,336,8633,Tip
6676,3533,1141,0,2500,2100,336,8635,Tip
6667,3494,1096,0,2500,2100,336,8637,Tip
6662,3455,1047,0,2500,2100,336,8639,Tip
6655,3418,1016,0,2500,2100,336,8641,Tip
6651,3382,996,0,2500,2100,336,8643,Tip
6648,3349,989,0,2500,2100,336,8645,Tip
6646,3318,1019,0,2500,2100,336,8648,Tip
6647,3288,1053,0,2500,2100,336,8650,Tip
6646,3261,1093,0,2500,2100,336,8652,Tip
6647,3236,1138,0,2500,2100,336,8654,Tip
6649,3213,1167,0,2500,2100,336,8656,Tip
6652,3191,1181,0,2500,2100,336,8658,Tip
6657,3169,1189,0,2500,2100,336,8660,Tip
6663,3145,1185,0,2500,2100,336,8662,Tip
6672,3122,1187,0,2500,2100,336,8664,Tip
6684,3097,1194,0,2500,2100,336,8666,Tip
6697,3073,1194,0,2500,2100,336,8668,Tip
6713,3049,1194,0,2500,2100,336,8670,Tip
6730,3025,1190,0,2500,2100,336,8673,Tip
6748,3002,1195,0,2500,2200,336,8675,Tip
6769,2979,1231,0,2500,2200,336,8677,Tip
6793,2956,1261,0,2500,2200,336,8679,Tip
6817,2935,1292,0,2500,2200,336,8681,Tip
6843,2912,1317,0,2500,2200,336,8683,Tip
6872,2890,1333,0,2500,2200,336,8685,Tip
6902,2868,1357,0,2500,2200,336,8687,Tip
6933,2845,1401,0,2500,2200,336,8689,Tip
6965,2824,1437,0,2500,2200,336,8691,Tip
6997,2805,1462,0,2500,2200,336,8693,Tip
7028,2788,1484,0,2500,2200,336,8695,Tip
7059,2775,1490,0,2500,2200,336,8698,Tip
7089,2766,1499,0,2500,2200,336,8700,Tip
7117,2760,1505,0,2500,2200,336,8702,Tip
7144,2757,1514,0,2500,2200,336,8704,Tip
7169,2757,1520,0,2500,2200,336,8706,Tip
7192,2759,1523,0,2500,2200,336,8708,Tip
7213,2762,1525,0,2500,2200,336,8710,Tip
7231,2766,1526,0,2500,2200,336,8712,Tip
7247,2771,1523,0,2500,2200,336,8714,Tip
7262,2777,1523,0,2500,2200,336,8716,Tip
7276,2783,1522,0,2500,2200,336,8718,Tip
7288,2789,1521,0,2500,2200,336,8720,Tip
7300,2794,1524,0,2500,2200,336,8723,Tip
7311,2798,1523,0,2500,2200,336,8725,Tip
7321,2803,1532,0,2500,2200,336,8727,Tip
7330,2807,1527,0,2500,2200,336,8729,Tip
7338,2810,1523,0,2500,2200,336,8731,Tip
7345,2811,1526,0,2500,2200,336,8733,Tip
7353,2812,1517,0,2500,2200,336,8735,Tip
7360,2812,1526,0,2500,2200,336,8737,Tip
7367,2812,1530,0,2500,2200,336,8739,Tip
7373,2810,1529,0,2500,2200,336,8741,Tip
7380,2806,1530,0,2500,2200,336,8743,Tip
7387,2801,1526,0,2500,2200,336,8745,Tip
7396,2792,1527,0,2500,2200,336,8748,Tip
7405,2780,1535,0,2500,2200,336,8750,Tip
7416,2764,1537,0,2500,2200,336,8752,Tip
7430,2742,1537,0,2500,2200,336,8754,Tip
7445,2716,1537,0,2500,2200,336,8756,Tip
7461,2685,1528,0,2500,2200,336,8758,Tip
7479,2650,1524,0,2500,2200,336,8760,Tip
7498,2611,1514,0,2500,2200,336,8762,Tip
7516,2570,1504,0,2500,2200,336,8764,Tip
7534,2527,1498,0,2500,2200,336,8766,Tip
7552,2483,1497,0,2500,2200,336,8768,Tip
7568,2439,1504,0,2500,2200,336,8770,Tip
7584,2394,1508,0,2500,2300,336,8773,Tip
7600,2348,1502,0,2500,2300,336,8775,Tip
7614,2302,1494,0,2500,2300,336,8777,Tip
7627,2253,1482,0,2500,2300,336,8779,Tip
7639,2202,1467,0,2500,2300,336,8781,Tip
7648,2150,1460,0,2500,2300,336,8783,Tip
7655,2098,1457,0,2500,2300,336,8785,Tip
7660,2044,1439,0,2500,2300,336,8787,Tip
7664,1990,1413,0,2500,2300,336,8789,Tip
7666,1934,1385,0,2500,2300,336,8791,Tip
7667,1877,1348,0,2500,2300,336,8793,Tip
7667,1820,1327,0,2500,2500,336,8796,Tip
7665,1763,1311,0,2300,2500,336,8798,Tip
7664,1705,1303,0,2300,2500,336,8800,Tip
7661,1647,1267,0,2300,2500,336,8802,Tip
7658,1588,1233,0,2300,2500,336,8804,Tip
7655,1530,1199,0,2300,2500,336,8806,Tip
7650,1475,1164,0,2300,2500,336,8808,Tip
7645,1424,1165,0,2300,2500,336,8810,Tip
7645,1424,1165,0,2300,2500,336,8812,Tip
7639,1379,1174,0,2300,2500,336,8814,Tip
7631,1340,1201,0,2300,2500,336,8816,Tip
7622,1307,1223,0,2300,2500,336,8818,Tip
7611,1278,1234,0,2300,2500,336,8821,Tip
7597,1254,1248,0,2300,2500,336,8823,Tip
7582,1233,1248,0,2300,2500,336,8825,Tip
7564,1218,1253,0,2300,2500,336,8827,Tip
7546,1209,1267,0,2300,2600,336,8829,Tip
7527,1205,1271,0,2300,2600,336,8831,Tip
7506,1204,1278,0,2300,2600,336,8833,Tip
7483,1207,1283,0,2300,2600,336,8835,Tip
7458,1213,1277,0,2300,2600,336,8837,Tip
7431,1223,1270,0,2300,2600,336,8839,Tip
7403,1238,1255,0,2300,2600,336,8841,Tip
7374,1257,1240,0,2300,2600,336,8843,Tip
7342,1279,1220,0,2300,2600,336,8846,Tip
7311,1301,1200,0,2300,2600,336,8848,Tip
7280,1325,1185,0,2300,2600,336,8850,Tip
7248,1351,1167,0,2300,2600,336,8852,Tip
7218,1377,1154,0,2300,2600,336,8854,Tip
7187,1406,1140,0,2300,2600,336,8856,Tip
7157,1432,1128,0,2300,2600,336,8858,Tip
7126,1458,1123,0,2300,2600,336,8860,Tip
7096,1483,1117,0,2300,2600,336,8862,Tip
7067,1509,1116,0,2300,2600,336,8864,Tip
7037,1536,1112,0,2300,2600,336,8866,Tip
7008,1563,1108,0,2300,2600,336,8868,Tip
6978,1591,1109,0,2300,2600,336,8871,Tip
6947,1618,1110,0,2300,2700,336,8873,Tip
6916,1644,1113,0,2300,2700,336,8875,Tip
6887,1667,1114,0,2300,2700,336,8877,Tip
6859,1690,1115,0,2300,2700,336,8879,Tip
6833,1711,1115,0,2300,2700,336,8881,Tip
6808,1729,1120,0,2300,2700,336,8883,Tip
6784,1746,1121,0,2300,2700,336,8885,Tip
6762,1759,1123,0,2300,2700,336,8887,Tip
6743,1771,1126,0,2300,2700,336,8889,Tip
6726,1779,1125,0,2300,2700,336,8891,Tip
6711,1787,1131,0,2300,2700,336,8893,Tip
6700,1792,1138,0,2300,2700,336,8896,Tip
6690,1796,1148,0,2300,2700,336,8898,Tip
6682,1798,1161,0,2300,2700,336,8900,Tip
6677,1799,1178,0,2300,2700,336,8902,Tip
6673,1799,1201,0,2300,2700,336,8904,Tip
6671,1799,1232,0,2300,2700,336,8906,Tip
6670,1797,1254,0,2300,2700,336,8908,Tip
6671,1796,1267,0,2300,2700,336,8910,Tip
6673,1794,1272,0,2300,2700,336,8912,Tip
6678,1789,1258,0,2300,2700,336,8914,Tip
6686,1782,1242,0,2300,2700,336,8916,Tip
6698,1771,1220,0,2300,2700,336,8918,Tip
6714,1754,1191,0,2300,2700,336,8921,Tip
6732,1733,1167,0,2300,2700,336,8923,Tip
6754,1707,1150,0,2300,2700,336,8925,Tip
6776,1678,1143,0,2300,2700,336,8927,Tip
6801,1647,1144,0,2300,2700,336,8929,Tip
6828,1614,1157,0,2300,2700,336,8931,Tip
6854,1580,1183,0,2300,2700,336,8933,Tip
6879,1545,1213,0,2300,2700,336,8935,Tip
6902,1512,1271,0,2300,2800,336,8937,Tip
6923,1481,1335,0,2300,2800,336,8939,Tip
6944,1453,1405,0,2300,2800,336,8941,Tip
6960,1427,1481,0,2300,2800,336,8943,Tip
6974,1404,1542,0,2300,2800,336,8946,Tip
6986,1382,1595,0,2300,2800,336,8948,Tip
6994,1363,1639,0,2300,2800,336,8950,Tip
7000,1345,1671,0,2300,2800,336,8952,Tip
7004,1328,1693,0,2300,2800,336,8954,Tip
7007,1313,1707,0,2300,2800,336,8956,Tip
7008,1298,1703,0,2300,2800,336,8958,Tip
7008,1281,1697,0,2300,2800,336,8960,Tip
7008,1264,1688,0,2300,2800,336,8962,Tip
7007,1245,1674,0,2300,2800,336,8964,Tip
7004,1225,1671,0,2300,2800,336,8966,Tip
7004,1206,1661,0,2300,2800,336,8968,Tip
7003,1189,1649,0,2300,2800,336,8971,Tip
7002,1173,1645,0,2300,2800,336,8973,Tip
7002,1160,1649,0,2300,2800,336,8975,Tip
6999,1148,1662,0,2300,2800,336,8977,Tip
6996,1137,1665,0,2300,2800,336,8979,Tip
6992,1128,1653,0,2300,2800,336,8981,Tip
6986,1120,1620,0,2300,2800,336,8983,Tip
6979,1112,1574,0,2300,2800,336,8985,Tip
6971,1106,1536,0,2300,2800,336,8987,Tip
6965,1099,1507,0,2300,2800,336,8989,Tip
6956,1093,1493,0,2300,2800,336,8991,Tip
6948,1089,1480,0,2300,3000,336,8993,Tip
6939,1087,1457,0,2300,3000,336,8996,Tip
6929,1086,1431,0,2300,3000,336,8998,Tip
6920,1088,1392,0,2300,3000,336,9000,Tip
6910,1091,1359,0,2300,3000,336,9002,Tip
6898,1097,1341,0,2300,3000,336,9004,Tip
6885,1106,1328,0,2300,3000,336,9006,Tip
6870,1120,1323,0,2300,3000,336,9008,Tip
6852,1140,1328,0,2200,3000,336,9010,Tip
6832,1166,1330,0,2200,3000,336,9012,Tip
6808,1202,1341,0,2200,3000,336,9014,Tip
6780,1241,1348,0,2200,3000,336,9016,Tip
6749,1285,1346,0,2200,3000,336,9018,Tip
6715,1333,1340,0,2200,3000,336,9021,Tip
6678,1382,1309,0,2300,3000,336,9023,Tip
6640,1436,1286,0,2300,3000,336,9025,Tip
6601,1495,1257,0,2300,3000,336,9027,Tip
6561,1555,1228,0,2300,3000,336,9029,Tip
6520,1617,1212,0,2300,3000,336,9031,Tip
6478,1680,1188,0,2300,3000,336,9033,Tip
6438,1740,1176,0,2300,3000,336,9035,Tip
6399,1800,1170,0,2300,3000,336,9037,Tip
6363,1857,1163,0,2300,3000,336,9039,Tip
6330,1910,1161,0,2300,3000,336,9041,Tip
6299,1958,1161,0,2300,3000,336,9043,Tip
6272,2001,1157,0,2300,3000,336,9046,Tip
6248,2038,1158,0,2300,3000,336,9048,Tip
6230,2068,1161,0,2300,3000,336,9050,Tip
6216,2094,1160,0,2300,3000,336,9052,Tip
6206,2116,1160,0,2300,3000,336,9054,Tip
6199,2135,1160,0,2300,3000,336,9056,Tip
6194,2154,1158,0,2300,3000,336,9058,Tip
6192,2171,1164,0,2300,3000,336,9060,Tip
6193,2188,1169,0,2300,3000,336,9062,Tip
6195,2204,1166,0,2300,3000,336,9064,Tip
6198,2219,1163,0,2300,3000,336,9066,Tip
6202,2232,1153,0,2300,3000,336,9068,Tip
6207,2244,1145,0,2300,3000,336,9071,Tip
6213,2255,1152,0,2300,3000,336,9073,Tip
6222,2265,1154,0,2300,3000,336,9075,Tip
6231,2274,1152,0,2300,3000,336,9077,Tip
6241,2283,1152,0,2300,3000,336,9079,Tip
6252,2291,1143,0,2300,3000,336,9081,Tip
6263,2298,1147,0,2300,3000,336,9083,Tip
6274,2304,1166,0,2300,3000,336,9085,Tip
6287,2311,1177,0,2300,3000,336,9087,Tip
6300,2319,1191,0,2300,3000,336,9089,Tip
6313,2328,1206,0,2300,3000,336,9091,Tip
6326,2340,1217,0,2300,3000,336,9093,Tip
6337,2354,1243,0,2200,3000,336,9096,Tip
6347,2370,1267,0,2200,3000,336,9098,Tip
6354,2391,1299,0,2200,3000,336,9100,Tip
6360,2413,1328,0,2200,3000,336,9102,Tip
6364,2438,1358,0,2200,3000,336,9104,Tip
6366,2466,1389,0,2200,3000,336,9106,Tip
6368,2494,1416,0,2200,3000,336,9108,Tip
6368,2525,1440,0,2200,3000,336,9110,Tip
6367,2556,1451,0,2200,3000,336,9112,Tip
6365,2588,1459,0,2200,2800,336,9114,Tip
6361,2620,1460,0,2200,2800,336,9116,Tip
6357,2653,1459,0,2200,2800,336,9118,Tip
6352,2685,1459,0,2200,2800,336,9121,Tip
6347,2717,1457,0,2200,2800,336,9123,Tip
6342,2751,1451,0,2200,2800,336,9125,Tip
6338,2783,1446,0,2200,2800,336,9127,Tip
6333,2815,1441,0,2200,2800,336,9129,Tip
6331,2846,1438,0,2200,2800,336,9131,Tip
6329,2874,1436,0,2200,2800,336,9133,Tip
6328,2898,1432,0,2200,2800,336,9135,Tip
6328,2918,1431,0,2200,2800,336,9137,Tip
6330,2935,1424,0,2200,2800,336,9139,Tip
6331,2949,1420,0,2200,2800,336,9141,Tip
6335,2962,1416,0,2200,2700,336,9143,Tip
6340,2973,1416,0,2200,2700,336,9146,Tip
6344,2984,1414,0,2200,2700,336,9148,Tip
6348,2995,1404,0,2200,2700,336,9150,Tip
6353,3005,1387,0,2200,2700,336,9152,Tip
6357,3013,1365,0,2200,2700,336,9154,Tip
6362,3020,1344,0,2200,2700,336,9156,Tip
6367,3027,1340,0,2200,2700,336,9158,Tip
6370,3033,1326,0,2200,2700,336,9160,Tip
6374,3039,1308,0,2200,2700,336,9162,Tip
6376,3044,1290,0,2200,2700,336,9164,Tip
6379,3048,1253,0,2200,2700,336,9166,Tip
6382,3051,1234,0,2200,2700,336,9168,Tip
6384,3054,1207,0,2200,2600,336,9171,Tip
6386,3057,1179,0,2200,2600,336,9173,Tip
6388,3059,1153,0,2200,2600,336,9175,Tip
6389,3062,1116,0,2200,2600,336,9177,Tip
6389,3065,1078,0,2200,2600,336,9179,Tip
6389,3065,1050,0,2200,2600,336,9181,Tip
6388,3067,1027,0,2200,2600,336,9183,Tip
6387,3069,1017,0,2200,2600,336,9185,Tip
6384,3073,1022,0,2200,2600,336,9187,Tip
6379,3079,1020,0,2200,2600,336,9189,Tip
6373,3085,1016,0,2200,2600,336,9191,Tip
6365,3093,1003,0,2200,2600,336,9193,Tip
6355,3101,983,0,2200,2600,336,9196,Tip
6345,3111,954,0,2200,2600,336,9198,Tip
6333,3119,922,0,2200,2600,336,9200,Tip
6321,3127,886,0,2200,2600,336,9202,Tip
6310,3135,849,0,2200,2500,336,9204,Tip
6300,3141,814,0,2200,2500,336,9206,Tip
6290,3147,771,0,2200,2500,336,9208,Tip
6281,3152,727,0,2200,2500,336,9210,Tip
6273,3155,684,0,2200,2500,336,9212,Tip
6267,3156,636,0,2200,2500,336,9214,Tip
6262,3157,580,0,2200,2500,336,9216,Tip
6258,3156,514,0,2200,2500,336,9218,Tip
6256,3154,430,0,2200,2500,336,9221,Tip
6255,3150,333,0,2200,2500,336,9223,Tip
6255,3145,233,0,2200,2500,336,9225,Tip
6255,3145,0,0,2200,2500,336,9227,Tip
6273,3115,0,0,2200,2500,336,9229,Tip
6284,3096,0,0,2200,2500,336,9231,Tip
6296,3075,0,0,2200,2500,336,9233,Tip
6304,3057,0,0,2100,2500,336,9235,Tip
6311,3039,0,0,2100,2500,0,9237,Tip
6321,3020,0,0,2100,2500,0,9239,Tip
6330,2999,0,0,2100,2500,0,9241,Tip
6341,2978,0,0,2100,2500,0,9243,Tip
6353,2957,0,-3,2100,2500,0,9246,Tip
6359,2947,0,-4,2100,2500,0,9248,Tip
6369,2932,0,-5,2100,2500,0,9250,Tip
6381,2915,0,-8,2100,2500,0,9252,Tip
6394,2898,0,-10,2100,2500,0,9254,Tip
6402,2890,0,-13,2100,2500,0,9256,Tip
6411,2880,0,-16,2100,2500,0,9258,Tip
6423,2869,0,-20,2100,2500,0,9260,Tip
6436,2858,0,-22,2100,2500,0,9262,Tip
6451,2846,0,-26,2100,2500,0,9264,Tip
6471,2834,0,-31,2100,2500,0,9266,Tip
6493,2828,0,-34,2100,2500,0,9268,Tip
6515,2821,0,-38,2100,2500,0,9271,Tip
6539,2814,0,-43,2100,2500,0,9273,Tip
6558,2804,0,-45,2100,2500,0,9275,Tip
6588,2795,0,-51,2100,2500,0,9277,Tip
6612,2786,0,-54,2100,2500,0,9279,Tip
6637,2778,0,-60,2100,2500,0,9281,Tip
6663,2771,0,-64,2100,2500,0,9283,Tip
6683,2764,0,-68,2100,2500,0,9285,Tip
6713,2758,0,-73,2100,2500,0,9287,Tip
6743,2753,0,-74,2100,2500,0,9289,Tip
6769,2749,0,-79,2100,2500,0,9291,Tip
6797,2745,0,-81,2100,2500,0,9293,Tip
6820,2740,0,-85,2100,2500,0,9296,Tip
6846,2735,0,-89,2100,2500,0,9298,Tip
6892,2732,0,-94,2100,2500,0,9300,Tip
6918,2729,0,-98,2100,2500,0,9302,Tip
6943,2726,0,-103,2100,2500,0,9304,Tip
6967,2723,0,-107,2100,2500,0,9306,Tip
6970,2719,0,-107,2100,2500,0,9308,Tip
6982,2716,0,-107,2100,2500,0,9310,Tip
6990,2713,0,-107,2100,2500,0,9312,Tip
6993,2710,0,-107,2100,2500,0,9314,Tip
6993,2710,0,-107,2100,2500,0,9316,Tip
